sender,receiver,amount,timestamp,is_laundering
CARD-0017,MER-001,0.00,2023-01-01 00:06:46,1
CARD-0062,MER-028,529.00,2023-01-01 00:07:52,1
CARD-0018,MER-006,239.93,2023-01-01 01:14:22,1
CARD-0048,MER-019,59.00,2023-01-01 01:56:26,1
CARD-0038,MER-013,1.00,2023-01-01 02:05:19,1
CARD-0030,MER-033,1.00,2023-01-01 02:05:26,1
CARD-0030,MER-037,1.00,2023-01-01 02:05:35,1
CARD-0031,MER-029,1.00,2023-01-01 02:05:43,1
CARD-0031,MER-027,1.00,2023-01-01 02:05:51,1
CARD-0026,MER-044,1.00,2023-01-01 02:06:50,1
CARD-0027,MER-043,1.00,2023-01-01 02:07:52,1
CARD-0028,MER-038,1.00,2023-01-01 02:09:00,1
CARD-0003,MER-038,1.00,2023-01-01 02:11:31,1
CARD-0001,MER-035,1.00,2023-01-01 02:14:50,1
CARD-0040,MER-042,1.00,2023-01-01 02:16:09,1
CARD-0011,MER-034,1.00,2023-01-01 02:20:08,1
CARD-0027,MER-040,1.00,2023-01-01 02:20:15,1
CARD-0023,MER-050,1.00,2023-01-01 02:20:51,1
CARD-0024,MER-048,1.00,2023-01-01 02:22:08,1
CARD-0003,MER-043,1.00,2023-01-01 02:23:34,1
CARD-0001,MER-042,1.00,2023-01-01 02:25:57,1
CARD-0049,MER-019,1.10,2023-01-01 02:26:48,1
CARD-0007,MER-053,1.00,2023-01-01 02:27:58,1
CARD-0008,MER-053,1.00,2023-01-01 02:28:06,1
CARD-0044,MER-047,1809.68,2023-01-01 02:31:04,1
CARD-0015,MER-002,1.00,2023-01-01 03:04:40,1
CARD-0033,MER-028,1.00,2023-01-01 03:04:52,1
CARD-0011,MER-009,1.00,2023-01-01 03:05:31,1
CARD-0001,MER-009,1.00,2023-01-01 03:13:49,1
CARD-0042,MER-043,1.00,2023-01-01 03:13:55,1
CARD-0043,MER-027,0.00,2023-01-01 03:21:33,1
CARD-0041,MER-039,30.39,2023-01-01 03:21:35,1
CARD-0032,MER-003,179.66,2023-01-01 03:26:33,1
CARD-0016,MER-028,1.00,2023-01-01 03:29:57,1
CARD-0001,MER-026,1.00,2023-01-01 03:38:46,1
CARD-0013,MER-027,1.00,2023-01-01 03:42:03,1
CARD-0004,MER-046,1.00,2023-01-01 03:54:33,1
CARD-0001,MER-052,1.00,2023-01-01 03:55:52,1
CARD-0041,MER-008,11.39,2023-01-01 04:23:37,1
CARD-0021,MER-021,3.79,2023-01-01 04:46:27,1
CARD-0023,MER-018,3.79,2023-01-01 04:47:00,1
CARD-0002,MER-032,3.93,2023-01-01 04:47:10,1
CARD-0006,MER-059,1.00,2023-01-01 04:52:00,1
CARD-0019,MER-060,766.36,2023-01-01 04:57:18,1
CARD-0132,MER-018,1218.89,2023-01-01 05:01:28,1
CARD-0143,MER-071,1.00,2023-01-01 05:06:39,1
CARD-0129,MER-004,188.78,2023-01-01 05:11:15,1
CARD-0148,MER-015,1.00,2023-01-01 05:11:30,1
CARD-0133,MER-040,1.00,2023-01-01 05:29:22,1
CARD-0137,MER-047,1.00,2023-01-01 05:33:31,1
CARD-0141,MER-053,1.00,2023-01-01 05:38:52,1
CARD-0145,MER-059,1.00,2023-01-01 05:40:51,1
CARD-0149,MER-066,1.00,2023-01-01 05:48:51,1
CARD-0153,MER-072,1.00,2023-01-01 05:50:46,1
CARD-0157,MER-078,1.00,2023-01-01 05:56:59,1
CARD-0161,MER-005,1.00,2023-01-01 06:01:02,1
CARD-0025,MER-011,3.12,2023-01-01 06:58:15,1
CARD-0134,MER-058,99.99,2023-01-01 06:59:58,1
CARD-0142,MER-068,99.99,2023-01-01 07:00:31,1
CARD-0149,MER-075,99.99,2023-01-01 07:00:54,1
CARD-0023,MER-006,3.76,2023-01-01 07:03:46,1
CARD-0160,MER-009,99.99,2023-01-01 07:22:03,1
CARD-0167,MER-015,99.99,2023-01-01 07:22:36,1
CARD-0174,MER-022,99.99,2023-01-01 07:23:05,1
CARD-0181,MER-030,99.99,2023-01-01 07:27:13,1
CARD-0188,MER-037,99.99,2023-01-01 07:27:43,1
CARD-0194,MER-044,99.99,2023-01-01 07:28:19,1
CARD-0201,MER-051,99.99,2023-01-01 07:28:51,1
CARD-0208,MER-058,99.99,2023-01-01 07:29:21,1
CARD-0215,MER-065,99.99,2023-01-01 07:32:43,1
CARD-0222,MER-073,99.99,2023-01-01 07:33:07,1
CARD-0229,MER-080,99.99,2023-01-01 07:33:39,1
CARD-0236,MER-007,99.99,2023-01-01 07:34:12,1
CARD-0011,MER-013,23.36,2023-01-01 07:43:04,1
CARD-0246,MER-021,99.99,2023-01-01 07:49:03,1
CARD-0037,MER-010,730.86,2023-01-01 07:50:42,1
CARD-0003,MER-028,99.99,2023-01-01 07:57:05,1
CARD-0010,MER-035,99.99,2023-01-01 07:57:38,1
CARD-0017,MER-042,99.99,2023-01-01 07:58:12,1
CARD-0024,MER-049,99.99,2023-01-01 07:58:46,1
CARD-0031,MER-056,99.99,2023-01-01 07:59:15,1
CARD-0035,MER-011,0.68,2023-01-01 08:12:06,1
CARD-0005,MER-001,0.68,2023-01-01 08:12:11,1
CARD-0029,MER-031,0.68,2023-01-01 08:15:53,1
CARD-0015,MER-033,30.30,2023-01-01 08:16:25,1
CARD-0031,MER-029,104.81,2023-01-01 08:34:12,1
CARD-0016,MER-003,0.00,2023-01-01 09:04:46,1
CARD-0029,MER-023,717.15,2023-01-01 09:05:45,1
CARD-0018,MER-006,19.02,2023-01-01 09:30:56,1
CARD-0017,MER-023,1.52,2023-01-01 09:35:21,1
CARD-0017,MER-013,18.96,2023-01-01 09:37:14,1
CARD-0014,MER-031,125.30,2023-01-01 09:38:04,1
CARD-0011,MER-036,19.02,2023-01-01 09:38:07,1
CARD-0016,MER-008,0.76,2023-01-01 09:53:05,1
CARD-0023,MER-035,60.60,2023-01-01 09:56:11,1
CARD-0004,MER-025,7.61,2023-01-01 09:57:46,1
CARD-0009,MER-028,1.00,2023-01-01 09:58:19,1
CARD-0017,MER-025,9.13,2023-01-01 09:58:26,1
CARD-0020,MER-034,4.56,2023-01-01 09:58:46,1
CARD-0024,MER-049,14.46,2023-01-01 09:59:02,1
CARD-0024,MER-061,111.70,2023-01-01 09:59:13,1
CARD-0034,MER-063,111.70,2023-01-01 10:02:50,1
CARD-0140,MER-005,12.31,2023-01-01 10:19:27,1
CARD-0025,MER-004,776.83,2023-01-01 11:02:09,1
CARD-0023,MER-003,1.00,2023-01-01 11:08:06,1
CARD-0035,MER-012,1.00,2023-01-01 11:11:16,1
CARD-0058,MER-006,1.00,2023-01-01 11:17:42,1
CARD-0028,MER-042,1.00,2023-01-01 11:19:02,1
CARD-0001,MER-015,0.76,2023-01-01 11:21:32,1
CARD-0018,MER-015,0.76,2023-01-01 11:21:58,1
CARD-0011,MER-027,112.33,2023-01-01 11:21:59,1
CARD-0016,MER-057,3.79,2023-01-01 11:25:16,1
CARD-0025,MER-067,340.11,2023-01-01 11:25:38,1
CARD-0041,MER-070,88.23,2023-01-01 11:25:47,1
CARD-0046,MER-010,5.30,2023-01-01 11:26:04,1
CARD-0052,MER-005,83.38,2023-01-01 11:26:10,1
CARD-0061,MER-074,11.38,2023-01-01 11:26:21,1
CARD-0065,MER-077,1.52,2023-01-01 11:26:34,1
CARD-0066,MER-014,88.23,2023-01-01 11:26:43,1
CARD-0067,MER-040,30.26,2023-01-01 11:26:44,1
CARD-0071,MER-050,459.07,2023-01-01 11:27:07,1
CARD-0097,MER-029,0.00,2023-01-01 11:27:13,1
CARD-0090,MER-052,118.30,2023-01-01 11:27:17,1
CARD-0099,MER-070,45.49,2023-01-01 11:27:23,1
CARD-0108,MER-061,173.07,2023-01-01 11:27:53,1
CARD-0121,MER-049,37.32,2023-01-01 11:28:05,1
CARD-0122,MER-059,59.68,2023-01-01 11:28:25,1
CARD-0129,MER-063,0.76,2023-01-01 11:28:28,1
CARD-0137,MER-008,9.99,2023-01-01 11:28:33,1
CARD-0139,MER-027,34.12,2023-01-01 11:29:13,1
CARD-0136,MER-025,273.01,2023-01-01 11:29:57,1
CARD-0146,MER-015,106.55,2023-01-01 11:30:13,1
CARD-0155,MER-040,364.19,2023-01-01 11:31:45,1
CARD-0005,MER-008,39.45,2023-01-01 11:33:02,1
CARD-0177,MER-035,53.95,2023-01-01 11:33:27,1
CARD-0022,MER-038,172.32,2023-01-01 11:34:06,1
CARD-0021,MER-036,802.52,2023-01-01 11:35:43,1
CARD-0051,MER-037,99.99,2023-01-01 11:36:31,1
CARD-0184,MER-070,139.90,2023-01-01 11:37:31,1
CARD-0203,MER-075,1.00,2023-01-01 11:37:50,1
CARD-0036,MER-040,1.00,2023-01-01 11:39:51,1
CARD-0019,MER-013,1.00,2023-01-01 11:44:07,1
CARD-0027,MER-022,1.00,2023-01-01 11:47:54,1
CARD-0047,MER-032,1.00,2023-01-01 11:56:25,1
CARD-0046,MER-068,648.00,2023-01-01 11:56:28,1
CARD-0009,MER-015,204.27,2023-01-01 11:57:08,1
CARD-0027,MER-047,88.00,2023-01-01 12:02:49,1
CARD-0012,MER-016,24.90,2023-01-01 12:04:54,1
CARD-0035,MER-049,1.00,2023-01-01 12:19:53,1
CARD-0001,MER-014,1.00,2023-01-01 12:22:12,1
CARD-0005,MER-009,1.00,2023-01-01 12:37:43,1
CARD-0014,MER-005,105.99,2023-01-01 12:38:21,1
CARD-0004,MER-010,1.00,2023-01-01 12:39:01,1
CARD-0005,MER-011,1.00,2023-01-01 12:47:37,1
CARD-0003,MER-014,1.00,2023-01-01 12:49:09,1
CARD-0002,MER-015,1.00,2023-01-01 13:02:05,1
CARD-0020,MER-001,0.76,2023-01-01 13:12:25,1
CARD-0002,MER-025,7.58,2023-01-01 13:17:06,1
CARD-0015,MER-018,0.76,2023-01-01 13:18:43,1
CARD-0001,MER-015,0.76,2023-01-01 13:19:42,1
CARD-0047,MER-021,208.58,2023-01-01 13:26:20,1
CARD-0020,MER-002,1.00,2023-01-01 13:28:53,1
CARD-0019,MER-005,19.73,2023-01-01 13:34:44,1
CARD-0009,MER-007,360.00,2023-01-01 13:53:05,1
CARD-0062,MER-051,99.99,2023-01-01 14:05:06,1
CARD-0070,MER-057,99.99,2023-01-01 14:06:48,1
CARD-0077,MER-064,99.99,2023-01-01 14:11:52,1
CARD-0084,MER-071,99.99,2023-01-01 14:12:15,1
CARD-0091,MER-078,99.99,2023-01-01 14:12:35,1
CARD-0026,MER-011,519.90,2023-01-01 14:40:14,1
CARD-0017,MER-023,0.76,2023-01-01 14:42:14,1
CARD-0013,MER-005,0.76,2023-01-01 14:43:51,1
CARD-0020,MER-008,1.18,2023-01-01 14:44:36,1
CARD-0014,MER-015,8.00,2023-01-01 14:50:51,1
CARD-0014,MER-009,0.00,2023-01-01 14:54:18,1
CARD-0013,MER-008,112.45,2023-01-01 14:55:27,1
CARD-0016,MER-036,261.87,2023-01-01 14:58:57,1
CARD-0039,MER-011,1.79,2023-01-01 15:14:06,1
CARD-0071,MER-049,1.00,2023-01-01 15:21:19,1
CARD-0070,MER-059,0.83,2023-01-01 15:21:51,1
CARD-0079,MER-066,0.83,2023-01-01 15:26:54,1
CARD-0076,MER-004,130.44,2023-01-01 15:26:58,1
CARD-0106,MER-019,311.91,2023-01-01 15:29:20,1
CARD-0003,MER-002,170.92,2023-01-01 15:34:58,1
CARD-0084,MER-072,153.46,2023-01-01 15:43:44,1
CARD-0095,MER-066,7.52,2023-01-01 15:44:10,1
CARD-0018,MER-031,1.00,2023-01-01 15:46:46,1
CARD-0012,MER-013,5.00,2023-01-01 15:48:07,1
CARD-0001,MER-024,0.01,2023-01-01 15:50:07,1
CARD-0015,MER-037,444.17,2023-01-01 15:50:27,1
CARD-0103,MER-019,1.00,2023-01-01 15:52:43,1
CARD-0002,MER-035,1.00,2023-01-01 16:07:40,1
CARD-0021,MER-007,1.00,2023-01-01 16:07:47,1
CARD-0019,MER-013,1.75,2023-01-01 16:09:59,1
CARD-0004,MER-019,5.09,2023-01-01 16:10:17,1
CARD-0007,MER-016,270.00,2023-01-01 16:10:22,1
CARD-0010,MER-044,113.92,2023-01-01 16:17:22,1
CARD-0035,MER-023,45.64,2023-01-01 16:20:22,1
CARD-0054,MER-032,1389.56,2023-01-01 16:23:31,1
CARD-0148,MER-008,18.98,2023-01-01 16:29:45,1
CARD-0014,MER-015,6.27,2023-01-01 16:34:29,1
CARD-0142,MER-064,319.20,2023-01-01 16:36:17,1
CARD-0045,MER-008,5.91,2023-01-01 16:37:20,1
CARD-0048,MER-009,454.82,2023-01-01 16:45:53,1
CARD-0032,MER-012,101.50,2023-01-01 16:58:28,1
CARD-0010,MER-014,19.04,2023-01-01 17:07:26,1
CARD-0001,MER-013,6.62,2023-01-01 17:14:19,1
CARD-0003,MER-026,180.00,2023-01-01 17:14:40,1
CARD-0024,MER-004,1.00,2023-01-01 17:18:50,1
CARD-0051,MER-044,1.10,2023-01-01 17:19:01,1
CARD-0072,MER-039,1402.16,2023-01-01 17:21:07,1
CARD-0009,MER-021,290.18,2023-01-01 17:39:38,1
CARD-0060,MER-062,294.90,2023-01-01 17:48:13,1
CARD-0001,MER-010,1.00,2023-01-01 17:53:32,1
CARD-0021,MER-012,0.00,2023-01-01 17:54:03,1
CARD-0021,MER-012,0.00,2023-01-01 17:56:25,1
CARD-0138,MER-029,720.38,2023-01-01 17:59:45,1
CARD-0012,MER-007,31.91,2023-01-01 18:09:18,1
CARD-0028,MER-035,1354.25,2023-01-01 18:09:45,1
CARD-0012,MER-008,98.01,2023-01-01 18:15:28,1
CARD-0042,MER-021,101.50,2023-01-01 18:18:56,1
CARD-0014,MER-003,7.53,2023-01-01 18:20:37,1
CARD-0021,MER-018,489.71,2023-01-01 18:39:10,1
CARD-0011,MER-015,549.06,2023-01-01 18:46:11,1
CARD-0032,MER-004,320.00,2023-01-01 18:50:57,1
CARD-0083,MER-027,1.00,2023-01-01 18:56:47,1
CARD-0083,MER-027,1.00,2023-01-01 18:56:47,1
CARD-0083,MER-027,1.00,2023-01-01 18:56:47,1
CARD-0083,MER-027,1.00,2023-01-01 18:56:47,1
CARD-0083,MER-027,1.00,2023-01-01 18:56:47,1
CARD-0083,MER-027,1.00,2023-01-01 18:56:47,1
CARD-0013,MER-013,19.59,2023-01-01 18:59:17,1
CARD-0023,MER-004,1.00,2023-01-01 19:16:34,1
CARD-0003,MER-026,227.30,2023-01-01 19:27:51,1
CARD-0016,MER-001,3.79,2023-01-01 19:30:29,1
CARD-0012,MER-012,318.11,2023-01-01 19:31:10,1
CARD-0033,MER-031,824.83,2023-01-01 19:35:36,1
CARD-0011,MER-023,0.76,2023-01-01 19:40:28,1
CARD-0040,MER-026,426.40,2023-01-01 19:43:53,1
CARD-0054,MER-030,238.90,2023-01-01 20:05:27,1
CARD-0017,MER-032,45.03,2023-01-01 20:13:44,1
CARD-0028,MER-005,16.48,2023-01-01 20:23:28,1
CARD-0008,MER-006,76.94,2023-01-01 20:35:59,1
CARD-0013,MER-041,311.28,2023-01-01 20:37:42,1
CARD-0002,MER-011,30.14,2023-01-01 20:50:33,1
CARD-0007,MER-007,29.95,2023-01-01 20:59:16,1
CARD-0021,MER-036,124.53,2023-01-01 20:59:41,1
CARD-0039,MER-047,99.85,2023-01-01 21:04:11,1
CARD-0042,MER-057,99.90,2023-01-01 21:06:18,1
CARD-0049,MER-063,219.80,2023-01-01 21:16:15,1
CARD-0062,MER-072,254.76,2023-01-01 21:20:26,1
CARD-0024,MER-003,1.00,2023-01-01 21:20:45,1
CARD-0023,MER-004,1.00,2023-01-01 21:20:57,1
CARD-0022,MER-003,1.00,2023-01-01 21:21:07,1
CARD-0010,MER-011,1.00,2023-01-01 21:21:16,1
CARD-0006,MER-010,129.00,2023-01-01 21:25:54,1
CARD-0024,MER-002,1.00,2023-01-01 21:26:11,1
CARD-0003,MER-016,1.00,2023-01-01 21:26:22,1
CARD-0006,MER-008,1.00,2023-01-01 21:26:42,1
CARD-0074,MER-069,106.90,2023-01-01 21:33:47,1
CARD-0043,MER-032,60.00,2023-01-01 21:52:05,1
CARD-0006,MER-036,0.20,2023-01-01 22:05:40,1
CARD-0002,MER-005,7.57,2023-01-01 22:36:12,1
CARD-0006,MER-003,1.00,2023-01-01 22:51:29,1
CARD-0012,MER-025,1.00,2023-01-01 23:18:54,1
CARD-0013,MER-053,0.00,2023-01-01 23:23:24,1
CARD-0013,MER-053,0.00,2023-01-01 23:23:24,1
CARD-0013,MER-059,512.25,2023-01-01 23:23:24,1
CARD-0013,MER-059,512.25,2023-01-01 23:23:24,1
CARD-0055,MER-051,12.31,2023-01-01 23:31:34,1
CARD-0025,MER-014,354.33,2023-01-01 23:33:09,1
CARD-0025,MER-005,2.00,2023-01-01 23:39:41,1
CARD-0068,MER-011,0.00,2023-01-01 23:41:25,1
CARD-0068,MER-011,0.00,2023-01-01 23:41:25,1
CARD-0060,MER-017,252.92,2023-01-01 23:41:25,1
CARD-0060,MER-017,252.92,2023-01-01 23:41:25,1
CARD-0001,MER-032,1.00,2023-01-01 23:46:13,1
CARD-0006,MER-051,240.77,2023-01-01 23:46:16,1
CARD-0024,MER-049,1.00,2023-01-01 23:51:04,1
CARD-0029,MER-057,310.42,2023-01-01 23:51:07,1
CARD-0003,MER-012,323.77,2023-01-01 23:59:36,1
CARD-0014,MER-007,451.27,2023-01-02 00:13:22,1
CARD-0021,MER-003,829.41,2023-01-02 00:24:43,1
CARD-0032,MER-043,1.18,2023-01-02 00:37:52,1
CARD-0032,MER-002,9.21,2023-01-02 00:38:57,1
CARD-0006,MER-018,6.99,2023-01-02 01:11:16,1
CARD-0014,MER-013,38.76,2023-01-02 01:17:55,1
CARD-0032,MER-063,52.69,2023-01-02 01:23:27,1
CARD-0017,MER-014,1.00,2023-01-02 01:25:02,1
CARD-0037,MER-030,1.00,2023-01-02 01:25:24,1
CARD-0041,MER-045,261.22,2023-01-02 01:25:54,1
CARD-0010,MER-055,18.00,2023-01-02 01:34:52,1
CARD-0002,MER-079,600.73,2023-01-02 01:35:02,1
CARD-0012,MER-005,1.00,2023-01-02 02:02:22,1
CARD-0011,MER-074,75.86,2023-01-02 02:03:43,1
CARD-0010,MER-066,8.54,2023-01-02 02:03:44,1
CARD-0008,MER-078,0.01,2023-01-02 02:03:54,1
CARD-0031,MER-047,44.90,2023-01-02 02:04:13,1
CARD-0031,MER-047,44.90,2023-01-02 02:04:13,1
CARD-0026,MER-055,316.06,2023-01-02 02:04:13,1
CARD-0026,MER-055,316.06,2023-01-02 02:04:13,1
CARD-0051,MER-010,209.65,2023-01-02 02:04:16,1
CARD-0094,MER-013,78.00,2023-01-02 02:04:20,1
CARD-0094,MER-013,78.00,2023-01-02 02:04:20,1
CARD-0088,MER-024,188.52,2023-01-02 02:04:20,1
CARD-0088,MER-024,188.52,2023-01-02 02:04:20,1
CARD-0119,MER-023,30.31,2023-01-02 02:04:39,1
CARD-0119,MER-023,30.31,2023-01-02 02:04:39,1
CARD-0115,MER-063,104.03,2023-01-02 02:04:39,1
CARD-0115,MER-063,104.03,2023-01-02 02:04:39,1
CARD-0088,MER-051,1.00,2023-01-02 02:04:48,1
CARD-0089,MER-080,1.00,2023-01-02 02:04:57,1
CARD-0097,MER-050,37.93,2023-01-02 02:05:04,1
CARD-0104,MER-021,97.00,2023-01-02 02:05:20,1
CARD-0094,MER-042,11.40,2023-01-02 02:06:05,1
CARD-0119,MER-026,45.48,2023-01-02 02:09:01,1
CARD-0229,MER-022,1.00,2023-01-02 02:12:42,1
CARD-0229,MER-022,1.00,2023-01-02 02:12:42,1
CARD-0229,MER-022,1.00,2023-01-02 02:12:42,1
CARD-0229,MER-022,1.00,2023-01-02 02:12:42,1
CARD-0125,MER-055,1.00,2023-01-02 02:12:44,1
CARD-0023,MER-017,33.76,2023-01-02 02:17:05,1
CARD-0009,MER-001,571.48,2023-01-02 02:22:32,1
CARD-0131,MER-043,1.63,2023-01-02 02:32:39,1
CARD-0140,MER-035,1.63,2023-01-02 02:33:48,1
CARD-0001,MER-013,18.96,2023-01-02 02:42:15,1
CARD-0009,MER-015,33.59,2023-01-02 02:44:51,1
CARD-0020,MER-045,1.00,2023-01-02 02:51:57,1
CARD-0144,MER-041,8.64,2023-01-02 02:58:41,1
CARD-0142,MER-050,9.82,2023-01-02 03:00:35,1
CARD-0153,MER-075,2.28,2023-01-02 03:50:23,1
CARD-0182,MER-019,1.00,2023-01-02 03:51:38,1
CARD-0055,MER-026,0.76,2023-01-02 03:55:01,1
CARD-0195,MER-006,1.00,2023-01-02 04:02:04,1
CARD-0027,MER-038,0.92,2023-01-02 04:04:11,1
CARD-0202,MER-034,2.28,2023-01-02 04:08:33,1
CARD-0020,MER-042,147.87,2023-01-02 04:13:17,1
CARD-0218,MER-051,0.00,2023-01-02 04:21:54,1
CARD-0003,MER-039,22.04,2023-01-02 04:25:18,1
CARD-0004,MER-026,0.00,2023-01-02 04:28:00,1
CARD-0002,MER-049,104.00,2023-01-02 04:28:09,1
CARD-0008,MER-049,2.28,2023-01-02 04:29:02,1
CARD-0219,MER-065,0.01,2023-01-02 04:29:32,1
CARD-0002,MER-065,1.00,2023-01-02 04:30:19,1
CARD-0006,MER-014,346.94,2023-01-02 04:30:22,1
CARD-0035,MER-041,7.59,2023-01-02 04:30:25,1
CARD-0037,MER-051,0.00,2023-01-02 04:31:09,1
CARD-0029,MER-069,0.00,2023-01-02 04:31:11,1
CARD-0033,MER-079,119.74,2023-01-02 04:31:16,1
CARD-0042,MER-046,2.27,2023-01-02 04:50:08,1
CARD-0030,MER-034,0.00,2023-01-02 06:21:37,1
CARD-0011,MER-028,186.13,2023-01-02 06:21:38,1
CARD-0030,MER-018,1.00,2023-01-02 06:34:47,1
CARD-0005,MER-049,0.76,2023-01-02 06:42:27,1
CARD-0018,MER-055,80.22,2023-01-02 06:42:32,1
CARD-0027,MER-025,635.10,2023-01-02 06:43:37,1
CARD-0013,MER-025,17.06,2023-01-02 08:08:11,1
CARD-0022,MER-048,65.00,2023-01-02 08:14:27,1
CARD-0041,MER-048,105.89,2023-01-02 08:55:32,1
CARD-0049,MER-054,105.89,2023-01-02 08:56:43,1
CARD-0019,MER-039,144.62,2023-01-02 09:40:38,1
CARD-0077,MER-045,2125.87,2023-01-02 10:03:28,1
CARD-0012,MER-020,11.00,2023-01-02 10:11:18,1
CARD-0046,MER-071,45.51,2023-01-02 10:18:45,1
CARD-0001,MER-027,40.00,2023-01-02 10:46:40,1
CARD-0033,MER-006,3.22,2023-01-02 10:53:32,1
CARD-0024,MER-007,0.00,2023-01-02 10:54:18,1
CARD-0002,MER-044,25.00,2023-01-02 11:03:39,1
CARD-0022,MER-035,67.90,2023-01-02 11:41:11,1
CARD-0041,MER-033,93.35,2023-01-02 11:41:59,1
CARD-0051,MER-046,1.00,2023-01-02 11:43:15,1
CARD-0009,MER-047,175.90,2023-01-02 11:46:43,1
CARD-0036,MER-035,720.80,2023-01-02 11:51:35,1
CARD-0005,MER-011,7.18,2023-01-02 11:53:06,1
CARD-0033,MER-029,4.87,2023-01-02 11:53:42,1
CARD-0014,MER-027,80.90,2023-01-02 11:55:08,1
CARD-0037,MER-036,0.00,2023-01-02 11:56:11,1
CARD-0026,MER-038,2.00,2023-01-02 12:01:08,1
CARD-0001,MER-046,1.00,2023-01-02 12:02:21,1
CARD-0010,MER-058,362.55,2023-01-02 12:02:44,1
CARD-0017,MER-024,276.17,2023-01-02 12:03:28,1
CARD-0003,MER-004,723.21,2023-01-02 12:23:44,1
CARD-0004,MER-033,480.72,2023-01-02 12:41:26,1
CARD-0019,MER-022,1.00,2023-01-02 12:51:28,1
CARD-0034,MER-055,1335.00,2023-01-02 12:59:44,1
CARD-0038,MER-035,0.00,2023-01-02 13:08:51,1
CARD-0018,MER-032,130.21,2023-01-02 13:12:38,1
CARD-0022,MER-010,1.00,2023-01-02 13:26:06,1
CARD-0003,MER-038,925.31,2023-01-02 13:26:09,1
CARD-0039,MER-033,0.00,2023-01-02 13:28:48,1
CARD-0010,MER-042,345.00,2023-01-02 13:31:35,1
CARD-0024,MER-019,108.51,2023-01-02 13:31:42,1
CARD-0029,MER-037,84.28,2023-01-02 13:35:14,1
CARD-0017,MER-047,39.45,2023-01-02 14:06:51,1
CARD-0004,MER-044,0.01,2023-01-02 14:34:54,1
CARD-0019,MER-072,727.91,2023-01-02 14:35:42,1
CARD-0089,MER-044,22.47,2023-01-02 14:38:27,1
CARD-0061,MER-006,8.30,2023-01-02 14:38:37,1
CARD-0014,MER-053,120.54,2023-01-02 14:49:27,1
CARD-0011,MER-018,0.69,2023-01-02 14:50:16,1
CARD-0040,MER-060,723.21,2023-01-02 14:52:31,1
CARD-0036,MER-024,0.77,2023-01-02 14:58:13,1
CARD-0083,MER-045,592.90,2023-01-02 14:58:28,1
CARD-0100,MER-045,195.66,2023-01-02 15:15:20,1
CARD-0007,MER-003,4.49,2023-01-02 15:19:25,1
CARD-0016,MER-027,0.76,2023-01-02 15:25:25,1
CARD-0003,MER-002,324.59,2023-01-02 15:31:20,1
CARD-0044,MER-050,320.01,2023-01-02 15:33:14,1
CARD-0004,MER-010,2.00,2023-01-02 15:33:29,1
CARD-0054,MER-038,144.80,2023-01-02 15:40:40,1
CARD-0016,MER-014,0.00,2023-01-02 15:42:41,1
CARD-0030,MER-015,1.00,2023-01-02 15:49:14,1
CARD-0013,MER-023,1.00,2023-01-02 15:50:34,1
CARD-0066,MER-046,8.90,2023-01-02 15:50:38,1
CARD-0001,MER-029,1.00,2023-01-02 15:50:56,1
CARD-0011,MER-003,667.55,2023-01-02 16:13:28,1
CARD-0072,MER-057,0.00,2023-01-02 16:13:59,1
CARD-0032,MER-032,1.18,2023-01-02 16:33:42,1
CARD-0038,MER-010,2.22,2023-01-02 16:33:46,1
CARD-0029,MER-034,0.77,2023-01-02 16:36:19,1
CARD-0019,MER-060,94.82,2023-01-02 16:39:04,1
CARD-0009,MER-004,8.00,2023-01-02 16:49:58,1
CARD-0024,MER-021,996.27,2023-01-02 16:58:21,1
CARD-0017,MER-036,0.00,2023-01-02 17:07:08,1
CARD-0036,MER-029,1.59,2023-01-02 17:07:33,1
CARD-0036,MER-029,1.59,2023-01-02 17:07:33,1
CARD-0024,MER-019,0.00,2023-01-02 17:07:54,1
CARD-0022,MER-028,0.76,2023-01-02 17:14:28,1
CARD-0012,MER-054,0.76,2023-01-02 17:14:36,1
CARD-0007,MER-072,122.68,2023-01-02 17:14:39,1
CARD-0038,MER-035,0.00,2023-01-02 17:24:56,1
CARD-0019,MER-004,1.00,2023-01-02 17:27:16,1
CARD-0046,MER-029,1.10,2023-01-02 17:33:02,1
CARD-0027,MER-038,2.00,2023-01-02 17:34:00,1
CARD-0030,MER-010,17.39,2023-01-02 17:34:36,1
CARD-0013,MER-038,50.00,2023-01-02 17:42:18,1
CARD-0106,MER-059,237.26,2023-01-02 17:42:19,1
CARD-0032,MER-006,1.00,2023-01-02 17:48:14,1
CARD-0020,MER-018,9.29,2023-01-02 17:55:49,1
CARD-0032,MER-048,10.70,2023-01-02 17:57:09,1
CARD-0049,MER-055,0.01,2023-01-02 18:11:56,1
CARD-0060,MER-068,57.73,2023-01-02 18:12:52,1
CARD-0034,MER-031,1.00,2023-01-02 18:13:56,1
CARD-0024,MER-045,1.00,2023-01-02 18:14:18,1
CARD-0028,MER-051,1.00,2023-01-02 18:14:58,1
CARD-0032,MER-058,1.00,2023-01-02 18:16:05,1
CARD-0036,MER-064,1.00,2023-01-02 18:18:27,1
CARD-0010,MER-026,2.47,2023-01-02 18:25:10,1
CARD-0012,MER-020,357.95,2023-01-02 18:26:42,1
CARD-0046,MER-057,247.86,2023-01-02 18:40:53,1
CARD-0025,MER-034,51.37,2023-01-02 18:42:41,1
CARD-0018,MER-028,0.00,2023-01-02 18:44:35,1
CARD-0009,MER-035,0.76,2023-01-02 18:49:41,1
CARD-0046,MER-060,1504.93,2023-01-02 18:51:18,1
CARD-0029,MER-033,1096.99,2023-01-02 18:51:49,1
CARD-0149,MER-015,35.00,2023-01-02 18:54:53,1
CARD-0030,MER-034,6.74,2023-01-02 18:56:39,1
CARD-0024,MER-037,0.77,2023-01-02 18:57:37,1
CARD-0028,MER-050,0.77,2023-01-02 19:04:14,1
CARD-0023,MER-057,0.77,2023-01-02 19:09:19,1
CARD-0028,MER-025,3.90,2023-01-02 19:12:15,1
CARD-0034,MER-003,3.14,2023-01-02 19:12:22,1
CARD-0034,MER-001,7.06,2023-01-02 19:12:28,1
CARD-0009,MER-047,94.82,2023-01-02 19:12:34,1
CARD-0008,MER-047,0.77,2023-01-02 19:14:22,1
CARD-0019,MER-054,0.77,2023-01-02 19:19:25,1
CARD-0001,MER-010,187.11,2023-01-02 19:31:25,1
CARD-0011,MER-023,7.59,2023-01-02 19:31:50,1
CARD-0033,MER-025,4.97,2023-01-02 19:40:07,1
CARD-0026,MER-026,0.77,2023-01-02 19:41:24,1
CARD-0129,MER-020,296.00,2023-01-02 20:03:58,1
CARD-0017,MER-003,45.51,2023-01-02 20:24:04,1
CARD-0020,MER-020,4.90,2023-01-02 20:27:14,1
CARD-0026,MER-015,156.00,2023-01-02 20:30:43,1
CARD-0031,MER-042,4.69,2023-01-02 20:35:37,1
CARD-0028,MER-044,0.77,2023-01-02 20:37:45,1
CARD-0033,MER-032,1.00,2023-01-02 20:39:51,1
CARD-0027,MER-053,0.77,2023-01-02 20:41:10,1
CARD-0009,MER-063,127.14,2023-01-02 20:41:35,1
CARD-0017,MER-072,0.38,2023-01-02 20:45:54,1
CARD-0064,MER-057,39.98,2023-01-02 21:19:41,1
CARD-0101,MER-023,12.31,2023-01-02 21:52:12,1
CARD-0134,MER-066,0.00,2023-01-02 22:06:21,1
CARD-0005,MER-024,39.90,2023-01-02 22:07:08,1
CARD-0035,MER-008,634.30,2023-01-02 22:20:31,1
CARD-0022,MER-019,19.95,2023-01-02 22:21:23,1
CARD-0002,MER-041,349.08,2023-01-02 22:28:58,1
CARD-0018,MER-046,390.00,2023-01-02 22:59:02,1
CARD-0027,MER-047,0.76,2023-01-02 23:02:27,1
CARD-0001,MER-026,77.89,2023-01-02 23:02:31,1
CARD-0037,MER-053,245.00,2023-01-02 23:12:46,1
CARD-0028,MER-023,42.53,2023-01-02 23:19:08,1
CARD-0010,MER-002,0.12,2023-01-02 22:23:27,0
CARD-0021,MER-020,31.46,2023-01-02 15:49:29,0
CARD-0015,MER-003,29.96,2023-01-02 04:07:47,0
CARD-0020,MER-008,9.99,2023-01-01 13:47:20,0
CARD-0005,MER-001,7.99,2023-01-02 14:52:31,0
CARD-0001,MER-016,1.29,2023-01-01 21:54:25,0
CARD-0031,MER-024,3.93,2023-01-02 15:41:27,0
CARD-0016,MER-024,44.07,2023-01-01 09:36:04,0
CARD-0006,MER-010,1.14,2023-01-02 09:12:03,0
CARD-0015,MER-008,6.20,2023-01-02 09:19:53,0
CARD-0006,MER-009,37.50,2023-01-01 09:22:40,0
CARD-0005,MER-002,125.72,2023-01-01 16:07:08,0
CARD-0014,MER-008,168.00,2023-01-02 00:44:33,0
CARD-0013,MER-023,0.74,2023-01-02 19:13:48,0
CARD-0014,MER-010,38.80,2023-01-01 09:23:31,0
CARD-0025,MER-001,2.12,2023-01-02 06:18:40,0
CARD-0026,MER-011,13.84,2023-01-02 23:32:17,0
CARD-0013,MER-019,56.98,2023-01-01 23:23:32,0
CARD-0004,MER-028,4.99,2023-01-01 06:06:29,0
CARD-0005,MER-026,7.46,2023-01-01 23:21:46,0
CARD-0015,MER-014,40.00,2023-01-02 01:43:48,0
CARD-0100,MER-046,179.00,2023-01-02 09:33:12,0
CARD-0001,MER-006,349.00,2023-01-01 14:39:35,0
CARD-0005,MER-013,85.25,2023-01-02 18:47:47,0
CARD-0025,MER-019,153.67,2023-01-01 22:10:51,0
CARD-0006,MER-004,657.70,2023-01-02 17:09:32,0
CARD-0008,MER-009,158.00,2023-01-01 06:36:39,0
CARD-0014,MER-011,357.18,2023-01-01 12:24:12,0
CARD-0003,MER-024,6.30,2023-01-01 10:16:48,0
CARD-0004,MER-026,14.73,2023-01-02 20:33:16,0
CARD-0014,MER-009,37.00,2023-01-01 14:14:46,0
CARD-0007,MER-010,39.32,2023-01-01 11:52:07,0
CARD-0009,MER-004,4.99,2023-01-02 10:16:08,0
CARD-0007,MER-011,25.00,2023-01-02 18:39:10,0
CARD-0013,MER-027,165.00,2023-01-01 15:52:49,0
CARD-0012,MER-005,54.00,2023-01-01 23:18:24,0
CARD-0102,MER-020,55.25,2023-01-01 03:13:41,0
CARD-0006,MER-007,6.99,2023-01-02 01:02:52,0
CARD-0017,MER-014,8.91,2023-01-01 10:42:27,0
CARD-0004,MER-008,312.29,2023-01-01 05:27:20,0
CARD-0004,MER-022,7.74,2023-01-01 19:17:43,0
CARD-0023,MER-016,77.37,2023-01-02 14:06:40,0
CARD-0005,MER-015,200.00,2023-01-02 03:51:06,0
CARD-0018,MER-018,11.74,2023-01-01 18:57:12,0
CARD-0006,MER-035,4.39,2023-01-01 03:07:53,0
CARD-0016,MER-003,14.84,2023-01-01 19:08:48,0
CARD-0012,MER-003,40.00,2023-01-01 14:25:36,0
CARD-0007,MER-017,9.99,2023-01-01 00:00:34,0
CARD-0013,MER-002,30.90,2023-01-01 00:00:35,0
CARD-0017,MER-009,22.14,2023-01-01 13:25:21,0
CARD-0017,MER-003,0.77,2023-01-01 08:53:23,0
CARD-0017,MER-001,64.95,2023-01-01 08:33:15,0
CARD-0019,MER-017,19.02,2023-01-01 21:41:23,0
CARD-0026,MER-049,1071.50,2023-01-02 17:57:51,0
CARD-0005,MER-040,39.95,2023-01-02 19:29:38,0
CARD-0034,MER-034,139.00,2023-01-02 18:30:49,0
CARD-0013,MER-004,49.90,2023-01-01 22:01:52,0
CARD-0014,MER-003,29.70,2023-01-01 02:00:18,0
CARD-0014,MER-010,34.86,2023-01-01 17:25:49,0
CARD-0020,MER-016,8.49,2023-01-02 19:51:29,0
CARD-0020,MER-002,0.76,2023-01-01 18:59:28,0
CARD-0021,MER-026,10.00,2023-01-02 22:15:04,0
CARD-0004,MER-012,9.21,2023-01-02 19:58:34,0
CARD-0005,MER-001,2.28,2023-01-02 17:13:29,0
CARD-0015,MER-007,89.00,2023-01-01 22:57:11,0
CARD-0022,MER-023,40.85,2023-01-02 14:29:51,0
CARD-0060,MER-033,142.00,2023-01-01 23:49:21,0
CARD-0018,MER-006,47.85,2023-01-02 18:46:02,0
CARD-0008,MER-019,11.85,2023-01-01 05:19:16,0
CARD-0008,MER-015,99.99,2023-01-01 08:44:16,0
CARD-0008,MER-001,91.62,2023-01-02 22:41:25,0
CARD-0012,MER-028,54.45,2023-01-01 22:48:14,0
CARD-0002,MER-008,129.00,2023-01-02 11:23:18,0
CARD-0007,MER-011,29.90,2023-01-02 03:35:36,0
CARD-0007,MER-001,57.00,2023-01-01 12:01:00,0
CARD-0012,MER-017,225.08,2023-01-02 16:32:59,0
CARD-0021,MER-016,63.88,2023-01-02 07:40:32,0
CARD-0004,MER-013,490.00,2023-01-02 11:53:45,0
CARD-0028,MER-012,26.44,2023-01-02 10:35:19,0
CARD-0021,MER-005,1.98,2023-01-01 06:37:35,0
CARD-0004,MER-011,24.99,2023-01-01 10:26:03,0
CARD-0017,MER-008,84.95,2023-01-02 19:24:29,0
CARD-0018,MER-012,69.53,2023-01-02 18:23:51,0
CARD-0002,MER-024,2.00,2023-01-02 12:59:31,0
CARD-0020,MER-009,9.99,2023-01-01 04:29:19,0
CARD-0008,MER-009,75.46,2023-01-01 22:43:25,0
CARD-0002,MER-012,240.07,2023-01-02 22:38:50,0
CARD-0039,MER-016,207.64,2023-01-02 15:24:04,0
CARD-0019,MER-008,9.99,2023-01-01 15:05:05,0
CARD-0040,MER-009,1.14,2023-01-02 14:44:25,0
CARD-0028,MER-002,0.76,2023-01-02 16:12:11,0
CARD-0019,MER-015,89.99,2023-01-01 09:45:12,0
CARD-0006,MER-016,1.98,2023-01-01 08:42:00,0
CARD-0021,MER-025,65.85,2023-01-02 08:54:07,0
CARD-0001,MER-003,1.79,2023-01-01 22:32:21,0
CARD-0017,MER-022,136.70,2023-01-02 12:08:18,0
CARD-0001,MER-020,25.95,2023-01-02 11:56:11,0
CARD-0023,MER-008,59.98,2023-01-01 18:49:47,0
CARD-0002,MER-020,1.98,2023-01-01 13:22:12,0
CARD-0023,MER-024,9.82,2023-01-02 00:15:39,0
CARD-0028,MER-015,0.89,2023-01-02 00:33:26,0
CARD-0005,MER-035,9.13,2023-01-01 07:09:22,0
CARD-0009,MER-013,1.00,2023-01-01 18:47:38,0
CARD-0006,MER-023,168.56,2023-01-01 00:01:09,0
CARD-0001,MER-001,4.99,2023-01-01 16:33:33,0
CARD-0002,MER-028,13.57,2023-01-01 20:25:57,0
CARD-0011,MER-020,19.41,2023-01-01 10:24:10,0
CARD-0006,MER-009,25.00,2023-01-02 10:50:47,0
CARD-0020,MER-027,1.00,2023-01-01 14:26:44,0
CARD-0025,MER-013,1.00,2023-01-02 18:23:44,0
CARD-0015,MER-015,285.70,2023-01-01 12:08:36,0
CARD-0006,MER-016,169.00,2023-01-01 14:33:48,0
CARD-0073,MER-002,500.00,2023-01-02 02:50:57,0
CARD-0028,MER-018,1.53,2023-01-02 11:26:29,0
CARD-0026,MER-024,25.00,2023-01-02 15:39:43,0
CARD-0017,MER-003,1.00,2023-01-02 18:32:11,0
CARD-0001,MER-018,1.00,2023-01-01 23:54:55,0
CARD-0009,MER-034,84.99,2023-01-02 13:43:43,0
CARD-0027,MER-017,1.29,2023-01-02 12:18:01,0
CARD-0003,MER-008,0.01,2023-01-02 22:48:50,0
CARD-0008,MER-002,9.68,2023-01-02 13:02:37,0
CARD-0005,MER-020,16.15,2023-01-01 03:30:47,0
CARD-0001,MER-022,53.45,2023-01-01 09:34:14,0
CARD-0012,MER-014,18.00,2023-01-02 10:43:40,0
CARD-0022,MER-002,62.92,2023-01-01 00:01:18,0
CARD-0005,MER-009,32.13,2023-01-01 23:07:15,0
CARD-0027,MER-006,80.00,2023-01-01 00:01:19,0
CARD-0025,MER-001,14.00,2023-01-01 21:32:54,0
CARD-0009,MER-008,54.65,2023-01-01 19:15:34,0
CARD-0027,MER-021,3.12,2023-01-02 00:42:19,0
CARD-0018,MER-019,80.00,2023-01-02 23:26:36,0
CARD-0029,MER-011,6.00,2023-01-02 23:00:18,0
CARD-0003,MER-020,17.00,2023-01-02 13:53:38,0
CARD-0020,MER-004,3.11,2023-01-01 16:46:13,0
CARD-0024,MER-014,11.20,2023-01-02 17:46:00,0
CARD-0011,MER-003,17.72,2023-01-02 09:17:10,0
CARD-0017,MER-024,7.83,2023-01-01 16:47:09,0
CARD-0011,MER-008,1.79,2023-01-01 22:52:06,0
CARD-0014,MER-015,24.99,2023-01-01 16:22:49,0
CARD-0009,MER-023,243.00,2023-01-02 12:45:42,0
CARD-0015,MER-009,73.22,2023-01-01 14:59:41,0
CARD-0001,MER-022,5.68,2023-01-01 11:33:47,0
CARD-0030,MER-012,252.43,2023-01-01 16:07:30,0
CARD-0020,MER-032,55.00,2023-01-02 11:16:57,0
CARD-0001,MER-003,1.29,2023-01-02 05:30:46,0
CARD-0002,MER-015,15.00,2023-01-01 06:18:46,0
CARD-0029,MER-027,0.76,2023-01-02 12:49:24,0
CARD-0010,MER-002,5.44,2023-01-02 10:12:43,0
CARD-0001,MER-006,2.50,2023-01-01 12:19:35,0
CARD-0005,MER-012,50.00,2023-01-01 14:54:27,0
CARD-0014,MER-001,4.40,2023-01-01 13:55:40,0
CARD-0012,MER-018,9.99,2023-01-01 12:59:12,0
CARD-0018,MER-013,69.00,2023-01-02 22:01:59,0
CARD-0012,MER-024,55.90,2023-01-01 21:28:28,0
CARD-0008,MER-017,168.93,2023-01-02 10:29:01,0
CARD-0001,MER-009,41.74,2023-01-02 11:46:41,0
CARD-0008,MER-040,22.15,2023-01-01 18:28:02,0
CARD-0015,MER-010,21.11,2023-01-02 07:06:14,0
CARD-0018,MER-008,9.99,2023-01-01 19:55:21,0
CARD-0010,MER-009,8.61,2023-01-01 22:53:21,0
CARD-0002,MER-014,4.49,2023-01-01 09:45:25,0
CARD-0016,MER-001,3.94,2023-01-01 17:09:04,0
CARD-0012,MER-004,44.99,2023-01-01 11:02:54,0
CARD-0022,MER-001,1.00,2023-01-01 09:06:52,0
CARD-0021,MER-009,45.35,2023-01-02 06:30:39,0
CARD-0009,MER-022,37.92,2023-01-01 09:09:34,0
CARD-0005,MER-027,479.00,2023-01-02 17:51:05,0
CARD-0016,MER-013,144.90,2023-01-02 09:42:27,0
CARD-0013,MER-003,134.94,2023-01-01 14:25:51,0
CARD-0011,MER-001,89.00,2023-01-01 08:45:07,0
CARD-0074,MER-009,421.21,2023-01-02 21:20:40,0
CARD-0009,MER-001,1.98,2023-01-02 18:51:04,0
CARD-0015,MER-029,11.52,2023-01-01 10:54:28,0
CARD-0019,MER-004,250.00,2023-01-02 12:27:14,0
CARD-0004,MER-033,467.88,2023-01-02 18:34:53,0
CARD-0011,MER-008,79.00,2023-01-01 11:27:23,0
CARD-0012,MER-008,15.50,2023-01-01 03:39:00,0
CARD-0018,MER-007,8.99,2023-01-01 17:05:48,0
CARD-0004,MER-033,10.62,2023-01-01 08:32:34,0
CARD-0005,MER-002,366.52,2023-01-01 12:08:07,0
CARD-0071,MER-035,1694.94,2023-01-01 10:48:52,0
CARD-0010,MER-005,19.66,2023-01-02 16:27:38,0
CARD-0009,MER-002,14.15,2023-01-01 07:22:56,0
CARD-0009,MER-013,115.80,2023-01-01 16:17:42,0
CARD-0013,MER-018,27.95,2023-01-01 15:18:35,0
CARD-0003,MER-012,9.90,2023-01-02 19:48:04,0
CARD-0001,MER-016,28.51,2023-01-01 08:09:35,0
CARD-0021,MER-015,91.76,2023-01-02 18:10:31,0
CARD-0019,MER-022,6.24,2023-01-01 00:02:04,0
CARD-0020,MER-016,128.00,2023-01-02 02:18:10,0
CARD-0021,MER-005,2.31,2023-01-02 12:45:51,0
CARD-0011,MER-006,18.58,2023-01-01 23:39:55,0
CARD-0020,MER-003,1.00,2023-01-01 20:35:40,0
CARD-0024,MER-019,15.00,2023-01-02 17:52:36,0
CARD-0013,MER-009,114.00,2023-01-01 18:18:48,0
CARD-0020,MER-040,27.90,2023-01-02 18:32:35,0
CARD-0018,MER-005,8.99,2023-01-01 07:01:16,0
CARD-0005,MER-014,14.80,2023-01-01 22:58:52,0
CARD-0008,MER-009,8.25,2023-01-02 19:03:09,0
CARD-0012,MER-013,24.99,2023-01-01 20:32:10,0
CARD-0014,MER-017,1.79,2023-01-01 23:18:28,0
CARD-0008,MER-022,115.00,2023-01-01 07:27:05,0
CARD-0021,MER-031,332.98,2023-01-02 14:49:24,0
CARD-0016,MER-012,7.63,2023-01-01 09:11:07,0
CARD-0007,MER-018,1.00,2023-01-01 21:40:41,0
CARD-0002,MER-023,0.89,2023-01-01 10:22:03,0
CARD-0039,MER-003,1.00,2023-01-02 15:36:04,0
CARD-0007,MER-034,20.45,2023-01-01 22:06:38,0
CARD-0009,MER-003,94.87,2023-01-01 12:15:54,0
CARD-0012,MER-010,76.50,2023-01-01 22:56:12,0
CARD-0023,MER-015,46.25,2023-01-02 12:16:15,0
CARD-0036,MER-020,7.18,2023-01-01 18:06:30,0
CARD-0012,MER-018,151.25,2023-01-02 13:42:10,0
CARD-0036,MER-007,317.03,2023-01-01 23:22:57,0
CARD-0013,MER-002,7.15,2023-01-02 01:18:58,0
CARD-0019,MER-006,82.25,2023-01-02 13:11:31,0
CARD-0018,MER-007,4.90,2023-01-01 00:02:22,0
CARD-0009,MER-002,110.97,2023-01-02 23:24:30,0
CARD-0009,MER-016,15.36,2023-01-01 00:02:24,0
CARD-0019,MER-006,1.29,2023-01-01 23:18:10,0
CARD-0009,MER-010,32.50,2023-01-02 12:15:53,0
CARD-0020,MER-005,13.50,2023-01-02 00:51:46,0
CARD-0011,MER-002,53.95,2023-01-01 17:44:25,0
CARD-0018,MER-008,0.89,2023-01-01 21:25:22,0
CARD-0017,MER-006,13.00,2023-01-01 07:58:14,0
CARD-0004,MER-001,296.68,2023-01-01 13:29:17,0
CARD-0002,MER-012,3.59,2023-01-01 11:06:23,0
CARD-0016,MER-031,103.00,2023-01-02 13:42:13,0
CARD-0006,MER-007,8.99,2023-01-02 19:29:05,0
CARD-0018,MER-004,31.76,2023-01-01 21:39:29,0
CARD-0014,MER-010,50.52,2023-01-01 09:49:20,0
CARD-0011,MER-005,611.77,2023-01-01 17:30:15,0
CARD-0026,MER-017,14.36,2023-01-02 13:59:32,0
CARD-0001,MER-001,279.00,2023-01-01 15:05:29,0
CARD-0016,MER-006,4.90,2023-01-01 03:24:35,0
CARD-0017,MER-008,7.50,2023-01-01 19:00:08,0
CARD-0010,MER-004,141.53,2023-01-01 14:46:59,0
CARD-0018,MER-006,307.75,2023-01-01 09:25:37,0
CARD-0026,MER-010,17.99,2023-01-02 18:19:04,0
CARD-0022,MER-022,37.89,2023-01-02 22:10:57,0
CARD-0021,MER-023,10.00,2023-01-02 10:29:39,0
CARD-0015,MER-048,10.57,2023-01-02 19:30:48,0
CARD-0026,MER-028,1.29,2023-01-02 10:16:39,0
CARD-0034,MER-018,197.50,2023-01-02 13:28:15,0
CARD-0023,MER-001,15.95,2023-01-02 04:01:42,0
CARD-0003,MER-030,6.06,2023-01-02 13:43:10,0
CARD-0005,MER-020,0.24,2023-01-02 16:03:57,0
CARD-0018,MER-011,3.56,2023-01-01 23:02:13,0
CARD-0024,MER-019,75.66,2023-01-02 09:04:51,0
CARD-0080,MER-037,2202.00,2023-01-02 10:36:30,0
CARD-0015,MER-012,8.45,2023-01-01 17:31:30,0
CARD-0024,MER-011,18.23,2023-01-02 18:21:37,0
CARD-0006,MER-004,1.68,2023-01-02 13:53:08,0
CARD-0005,MER-009,22.25,2023-01-01 10:40:37,0
CARD-0024,MER-014,144.00,2023-01-02 21:14:02,0
CARD-0009,MER-005,8.13,2023-01-02 18:12:10,0
CARD-0009,MER-013,10.00,2023-01-01 18:18:03,0
CARD-0027,MER-036,4.62,2023-01-02 14:22:59,0
CARD-0013,MER-033,9.99,2023-01-02 00:45:51,0
CARD-0006,MER-008,224.97,2023-01-01 00:03:03,0
CARD-0004,MER-040,114.34,2023-01-01 10:34:25,0
CARD-0099,MER-013,54.95,2023-01-02 10:56:59,0
CARD-0007,MER-008,516.40,2023-01-02 09:34:13,0
CARD-0026,MER-030,32.96,2023-01-02 06:35:24,0
CARD-0011,MER-013,29.99,2023-01-02 00:58:21,0
CARD-0003,MER-012,248.78,2023-01-01 18:53:41,0
CARD-0007,MER-012,30.00,2023-01-02 15:17:07,0
CARD-0003,MER-002,80.00,2023-01-02 22:50:01,0
CARD-0005,MER-010,136.83,2023-01-01 07:48:22,0
CARD-0009,MER-032,0.69,2023-01-02 10:21:36,0
CARD-0005,MER-013,25.33,2023-01-02 19:01:57,0
CARD-0035,MER-020,317.54,2023-01-01 11:36:25,0
CARD-0008,MER-018,55.53,2023-01-01 12:13:32,0
CARD-0028,MER-019,30.00,2023-01-02 17:24:19,0
CARD-0022,MER-005,8.14,2023-01-02 22:45:27,0
CARD-0008,MER-010,12.15,2023-01-02 06:48:08,0
CARD-0028,MER-009,29.70,2023-01-02 03:20:32,0
CARD-0020,MER-004,2.49,2023-01-01 23:21:44,0
CARD-0001,MER-004,207.00,2023-01-01 19:06:26,0
CARD-0004,MER-023,3.29,2023-01-02 15:05:28,0
CARD-0017,MER-006,5.00,2023-01-02 22:17:07,0
CARD-0010,MER-006,0.94,2023-01-01 18:45:26,0
CARD-0023,MER-003,13.95,2023-01-02 12:52:32,0
CARD-0021,MER-013,41.23,2023-01-01 14:49:50,0
CARD-0020,MER-024,79.80,2023-01-02 10:04:11,0
CARD-0022,MER-001,29.00,2023-01-02 07:39:09,0
CARD-0011,MER-003,93.25,2023-01-01 15:12:22,0
CARD-0001,MER-014,3.98,2023-01-01 16:11:46,0
CARD-0002,MER-033,234.28,2023-01-02 12:44:54,0
CARD-0014,MER-039,189.98,2023-01-02 14:36:21,0
CARD-0005,MER-015,101.90,2023-01-02 13:38:56,0
CARD-0013,MER-005,125.00,2023-01-01 19:50:09,0
CARD-0010,MER-013,42.81,2023-01-02 19:03:55,0
CARD-0026,MER-020,39.95,2023-01-02 08:51:41,0
CARD-0044,MER-015,680.00,2023-01-01 19:23:23,0
CARD-0044,MER-016,175.00,2023-01-01 15:38:29,0
CARD-0027,MER-015,1.00,2023-01-02 07:24:50,0
CARD-0023,MER-014,1.29,2023-01-01 17:15:02,0
CARD-0006,MER-010,185.00,2023-01-01 13:57:24,0
CARD-0014,MER-004,19.95,2023-01-01 19:27:28,0
CARD-0022,MER-006,45.00,2023-01-02 17:31:43,0
CARD-0001,MER-001,30.71,2023-01-02 10:59:53,0
CARD-0021,MER-004,11.50,2023-01-02 20:35:27,0
CARD-0020,MER-022,28.00,2023-01-02 11:50:35,0
CARD-0028,MER-016,14.49,2023-01-02 11:06:33,0
CARD-0014,MER-012,11.85,2023-01-01 09:52:16,0
CARD-0035,MER-004,415.53,2023-01-02 17:31:50,0
CARD-0011,MER-016,49.99,2023-01-01 09:41:22,0
CARD-0006,MER-010,359.40,2023-01-02 09:41:41,0
CARD-0052,MER-009,34.86,2023-01-01 21:15:44,0
CARD-0007,MER-004,25.70,2023-01-02 17:01:03,0
CARD-0004,MER-019,141.53,2023-01-01 16:02:56,0
CARD-0071,MER-040,1799.45,2023-01-01 17:00:44,0
CARD-0018,MER-014,113.41,2023-01-01 10:29:33,0
CARD-0005,MER-030,1.70,2023-01-02 04:48:50,0
CARD-0014,MER-013,1.00,2023-01-02 18:12:53,0
CARD-0029,MER-015,1.98,2023-01-02 09:19:31,0
CARD-0044,MER-038,30.00,2023-01-01 09:23:53,0
CARD-0052,MER-022,29.99,2023-01-01 16:46:56,0
CARD-0019,MER-011,7.49,2023-01-01 19:55:35,0
CARD-0001,MER-033,0.39,2023-01-01 09:31:45,0
CARD-0002,MER-010,12.49,2023-01-02 17:26:08,0
CARD-0001,MER-008,31.08,2023-01-02 18:50:25,0
CARD-0021,MER-005,1.00,2023-01-01 19:26:00,0
CARD-0019,MER-013,0.77,2023-01-01 10:12:00,0
CARD-0013,MER-026,100.39,2023-01-01 22:36:07,0
CARD-0002,MER-012,51.09,2023-01-01 20:52:31,0
CARD-0035,MER-028,351.00,2023-01-01 09:51:17,0
CARD-0011,MER-044,10.62,2023-01-01 00:04:01,0
CARD-0001,MER-001,49.00,2023-01-01 09:08:44,0
CARD-0001,MER-007,251.50,2023-01-01 15:59:12,0
CARD-0056,MER-025,125.90,2023-01-01 15:50:31,0
CARD-0008,MER-013,5.24,2023-01-02 12:27:01,0
CARD-0004,MER-003,9.70,2023-01-01 18:10:00,0
CARD-0002,MER-010,1.79,2023-01-01 06:11:38,0
CARD-0028,MER-013,1.14,2023-01-02 09:53:21,0
CARD-0011,MER-018,18.99,2023-01-02 18:35:29,0
CARD-0012,MER-023,218.00,2023-01-02 11:56:52,0
CARD-0026,MER-019,33.54,2023-01-02 12:23:15,0
CARD-0005,MER-005,49.95,2023-01-02 09:48:05,0
CARD-0028,MER-014,43.25,2023-01-02 08:23:21,0
CARD-0022,MER-020,40.77,2023-01-02 20:01:46,0
CARD-0015,MER-030,57.00,2023-01-02 17:45:11,0
CARD-0006,MER-009,98.00,2023-01-01 10:02:21,0
CARD-0005,MER-019,342.17,2023-01-02 09:10:57,0
CARD-0018,MER-013,45.95,2023-01-02 14:39:15,0
CARD-0031,MER-018,2.00,2023-01-02 16:03:18,0
CARD-0001,MER-011,24.87,2023-01-02 11:01:26,0
CARD-0016,MER-013,13.79,2023-01-01 00:04:18,0
CARD-0011,MER-027,20.17,2023-01-01 00:04:19,0
CARD-0006,MER-014,9.99,2023-01-02 09:17:12,0
CARD-0005,MER-006,121.83,2023-01-01 19:58:21,0
CARD-0020,MER-005,27.25,2023-01-01 20:05:24,0
CARD-0008,MER-005,1.78,2023-01-02 06:28:44,0
CARD-0002,MER-002,3.27,2023-01-02 01:42:10,0
CARD-0008,MER-016,25.00,2023-01-02 23:38:56,0
CARD-0026,MER-002,16.90,2023-01-02 13:50:00,0
CARD-0011,MER-001,100.00,2023-01-01 08:18:58,0
CARD-0020,MER-022,50.50,2023-01-02 15:27:13,0
CARD-0011,MER-002,24.99,2023-01-01 08:01:49,0
CARD-0020,MER-019,1.00,2023-01-02 20:07:31,0
CARD-0014,MER-013,42.00,2023-01-01 13:41:45,0
CARD-0008,MER-014,399.90,2023-01-02 21:30:44,0
CARD-0028,MER-016,0.99,2023-01-02 15:24:27,0
CARD-0015,MER-028,0.76,2023-01-01 15:18:57,0
CARD-0012,MER-005,10.60,2023-01-01 05:13:55,0
CARD-0008,MER-007,6.40,2023-01-02 12:09:43,0
CARD-0001,MER-015,1.00,2023-01-01 20:05:53,0
CARD-0019,MER-016,99.00,2023-01-02 12:39:00,0
CARD-0024,MER-014,3.50,2023-01-02 22:19:39,0
CARD-0012,MER-011,10.39,2023-01-01 17:45:03,0
CARD-0009,MER-008,11.44,2023-01-02 00:36:18,0
CARD-0012,MER-005,29.50,2023-01-02 09:47:07,0
CARD-0031,MER-002,920.48,2023-01-01 22:02:35,0
CARD-0002,MER-002,11.85,2023-01-02 18:20:06,0
CARD-0029,MER-020,12.10,2023-01-02 13:58:34,0
CARD-0004,MER-014,1.00,2023-01-01 16:49:03,0
CARD-0017,MER-008,1.98,2023-01-01 23:56:04,0
CARD-0017,MER-008,12.31,2023-01-01 12:04:09,0
CARD-0012,MER-005,10.00,2023-01-01 21:37:17,0
CARD-0085,MER-011,650.04,2023-01-01 13:51:33,0
CARD-0015,MER-010,206.56,2023-01-02 16:10:16,0
CARD-0009,MER-011,60.50,2023-01-02 21:07:32,0
CARD-0004,MER-022,7.69,2023-01-01 20:50:03,0
CARD-0021,MER-016,39.99,2023-01-02 08:15:23,0
CARD-0085,MER-019,139.95,2023-01-02 15:01:59,0
CARD-0021,MER-018,35.42,2023-01-02 22:27:53,0
CARD-0022,MER-038,62.55,2023-01-02 17:11:18,0
CARD-0024,MER-004,0.01,2023-01-02 08:12:54,0
CARD-0001,MER-009,57.00,2023-01-02 22:37:00,0
CARD-0020,MER-022,14.95,2023-01-02 04:00:53,0
CARD-0086,MER-080,17.73,2023-01-02 11:47:40,0
CARD-0019,MER-008,2.69,2023-01-01 20:00:42,0
CARD-0002,MER-006,20.97,2023-01-02 15:01:00,0
CARD-0014,MER-016,167.00,2023-01-01 19:58:41,0
CARD-0004,MER-016,7.68,2023-01-01 08:40:35,0
CARD-0019,MER-017,7.83,2023-01-01 14:56:31,0
CARD-0025,MER-025,5.28,2023-01-02 13:03:00,0
CARD-0027,MER-011,3.58,2023-01-02 10:32:08,0
CARD-0018,MER-009,2.69,2023-01-01 19:21:37,0
CARD-0018,MER-032,609.06,2023-01-01 20:20:33,0
CARD-0022,MER-005,11.50,2023-01-02 21:41:00,0
CARD-0004,MER-014,0.89,2023-01-01 21:19:13,0
CARD-0004,MER-024,12.24,2023-01-01 13:53:07,0
CARD-0022,MER-016,22.00,2023-01-02 10:00:19,0
CARD-0006,MER-011,30.00,2023-01-01 13:21:21,0
CARD-0016,MER-003,38.90,2023-01-01 09:45:26,0
CARD-0001,MER-015,3.67,2023-01-01 15:34:31,0
CARD-0028,MER-019,26.50,2023-01-02 15:14:42,0
CARD-0014,MER-018,185.00,2023-01-02 08:32:47,0
CARD-0020,MER-002,40.00,2023-01-01 11:11:08,0
CARD-0008,MER-004,6.79,2023-01-01 21:00:39,0
CARD-0008,MER-013,23.31,2023-01-01 09:27:56,0
CARD-0011,MER-013,64.00,2023-01-01 10:09:11,0
CARD-0003,MER-015,3.58,2023-01-01 18:42:48,0
CARD-0014,MER-016,631.57,2023-01-01 21:26:24,0
CARD-0002,MER-026,9.74,2023-01-01 23:04:20,0
CARD-0013,MER-023,14.80,2023-01-01 08:21:25,0
CARD-0008,MER-014,43.33,2023-01-01 22:23:58,0
CARD-0008,MER-029,10.59,2023-01-01 18:15:37,0
CARD-0098,MER-049,375.17,2023-01-02 16:52:52,0
CARD-0018,MER-008,0.89,2023-01-01 10:30:30,0
CARD-0015,MER-009,63.00,2023-01-01 07:32:40,0
CARD-0010,MER-034,12.82,2023-01-01 01:12:17,0
CARD-0012,MER-006,60.00,2023-01-01 00:05:08,0
CARD-0025,MER-018,0.00,2023-01-02 10:04:45,0
CARD-0016,MER-010,14.99,2023-01-01 17:48:51,0
CARD-0028,MER-064,5.90,2023-01-02 20:40:33,0
CARD-0019,MER-012,8.49,2023-01-02 14:28:36,0
CARD-0011,MER-015,392.00,2023-01-02 10:53:06,0
CARD-0021,MER-042,70.36,2023-01-02 16:04:31,0
CARD-0004,MER-015,7.50,2023-01-02 18:32:10,0
CARD-0004,MER-014,20.99,2023-01-01 19:21:36,0
CARD-0013,MER-007,50.00,2023-01-01 23:46:33,0
CARD-0014,MER-009,39.69,2023-01-01 15:24:23,0
CARD-0013,MER-001,69.69,2023-01-01 13:17:43,0
CARD-0018,MER-016,46.97,2023-01-01 13:08:02,0
CARD-0035,MER-014,15.95,2023-01-02 03:02:48,0
CARD-0023,MER-032,76.35,2023-01-02 11:31:43,0
CARD-0001,MER-026,10.18,2023-01-01 17:02:51,0
CARD-0141,MER-030,393.45,2023-01-01 21:57:47,0
CARD-0013,MER-018,37.00,2023-01-01 22:26:16,0
CARD-0011,MER-008,109.98,2023-01-01 15:36:08,0
CARD-0010,MER-014,40.00,2023-01-01 08:29:25,0
CARD-0005,MER-019,44.04,2023-01-02 19:32:22,0
CARD-0010,MER-001,0.77,2023-01-01 11:12:43,0
CARD-0015,MER-007,8.49,2023-01-01 20:36:31,0
CARD-0005,MER-036,7.50,2023-01-01 05:22:54,0
CARD-0017,MER-047,185.50,2023-01-02 14:19:30,0
CARD-0004,MER-005,54.99,2023-01-01 19:45:09,0
CARD-0019,MER-007,1.29,2023-01-01 17:02:31,0
CARD-0009,MER-006,1.54,2023-01-01 21:08:44,0
CARD-0012,MER-009,64.05,2023-01-01 18:38:48,0
CARD-0018,MER-004,24.30,2023-01-01 10:38:40,0
CARD-0002,MER-003,14.08,2023-01-02 22:11:38,0
CARD-0021,MER-002,146.68,2023-01-02 15:49:11,0
CARD-0012,MER-015,149.55,2023-01-02 09:29:04,0
CARD-0006,MER-012,24.95,2023-01-02 01:51:08,0
CARD-0003,MER-003,36.44,2023-01-02 11:15:15,0
CARD-0018,MER-033,412.54,2023-01-01 13:02:03,0
CARD-0026,MER-012,82.30,2023-01-01 22:24:55,0
CARD-0026,MER-016,749.00,2023-01-01 17:09:43,0
CARD-0010,MER-014,1.00,2023-01-01 22:01:23,0
CARD-0007,MER-005,8.99,2023-01-02 19:33:44,0
CARD-0012,MER-024,1.00,2023-01-02 19:18:58,0
CARD-0001,MER-037,8.97,2023-01-01 16:11:14,0
CARD-0080,MER-034,5.00,2023-01-02 23:31:37,0
CARD-0009,MER-013,12.97,2023-01-02 07:38:45,0
CARD-0015,MER-002,161.40,2023-01-01 20:49:55,0
CARD-0001,MER-017,1.29,2023-01-01 21:39:34,0
CARD-0007,MER-006,120.00,2023-01-01 20:54:43,0
CARD-0024,MER-006,2.99,2023-01-01 20:31:55,0
CARD-0013,MER-012,39.95,2023-01-02 21:14:08,0
CARD-0010,MER-004,37.00,2023-01-01 18:42:36,0
CARD-0002,MER-005,295.00,2023-01-01 18:06:26,0
CARD-0004,MER-016,1.00,2023-01-01 16:34:08,0
CARD-0022,MER-026,10.00,2023-01-02 19:43:54,0
CARD-0037,MER-004,10.00,2023-01-01 15:50:07,0
CARD-0006,MER-003,0.99,2023-01-01 23:43:54,0
CARD-0003,MER-005,275.16,2023-01-01 15:50:25,0
CARD-0005,MER-010,215.88,2023-01-02 11:14:01,0
CARD-0017,MER-007,8.99,2023-01-01 16:07:04,0
CARD-0011,MER-009,40.00,2023-01-01 12:37:53,0
CARD-0015,MER-008,21.81,2023-01-01 22:39:38,0
CARD-0013,MER-005,5.92,2023-01-02 15:11:48,0
CARD-0033,MER-017,80.00,2023-01-01 20:29:36,0
CARD-0021,MER-017,117.26,2023-01-02 17:04:10,0
CARD-0027,MER-010,0.99,2023-01-02 12:47:28,0
CARD-0032,MER-001,229.49,2023-01-02 10:00:04,0
CARD-0003,MER-017,8.91,2023-01-01 10:45:50,0
CARD-0021,MER-021,36.00,2023-01-02 00:37:22,0
CARD-0015,MER-006,11.85,2023-01-01 05:00:22,0
CARD-0031,MER-033,0.75,2023-01-01 23:55:46,0
CARD-0009,MER-011,87.41,2023-01-01 21:28:56,0
CARD-0045,MER-015,1.55,2023-01-02 01:35:44,0
CARD-0010,MER-002,100.00,2023-01-01 13:34:51,0
CARD-0003,MER-013,7.12,2023-01-01 16:39:21,0
CARD-0006,MER-011,0.93,2023-01-02 04:43:41,0
CARD-0002,MER-025,22.75,2023-01-02 11:08:49,0
CARD-0016,MER-004,196.00,2023-01-01 13:16:00,0
CARD-0009,MER-030,9.99,2023-01-01 09:02:04,0
CARD-0007,MER-013,4.49,2023-01-01 21:44:43,0
CARD-0009,MER-004,14.50,2023-01-01 09:34:50,0
CARD-0015,MER-012,15.00,2023-01-01 20:16:45,0
CARD-0001,MER-013,2.28,2023-01-01 18:37:05,0
CARD-0007,MER-008,125.90,2023-01-01 11:10:26,0
CARD-0027,MER-017,10.19,2023-01-02 13:42:08,0
CARD-0013,MER-008,79.90,2023-01-01 14:11:35,0
CARD-0028,MER-015,0.89,2023-01-02 22:29:43,0
CARD-0001,MER-022,5.37,2023-01-02 07:17:16,0
CARD-0014,MER-003,1.00,2023-01-01 22:02:32,0
CARD-0012,MER-027,34.00,2023-01-01 08:22:02,0
CARD-0014,MER-024,159.45,2023-01-02 07:45:30,0
CARD-0029,MER-023,30.00,2023-01-02 15:59:12,0
CARD-0025,MER-014,19.98,2023-01-02 17:30:11,0
CARD-0008,MER-010,26.50,2023-01-02 19:29:43,0
CARD-0016,MER-007,15.99,2023-01-01 19:05:19,0
CARD-0003,MER-021,7.14,2023-01-02 00:14:22,0
CARD-0012,MER-004,134.90,2023-01-01 21:33:39,0
CARD-0018,MER-008,87.70,2023-01-01 10:39:01,0
CARD-0026,MER-018,1.00,2023-01-02 13:29:09,0
CARD-0018,MER-020,50.00,2023-01-02 16:51:29,0
CARD-0019,MER-007,10.00,2023-01-01 00:06:27,0
CARD-0024,MER-025,50.89,2023-01-02 19:08:51,0
CARD-0026,MER-026,8.99,2023-01-01 15:00:08,0
CARD-0014,MER-020,1.29,2023-01-02 16:56:10,0
CARD-0004,MER-023,3.15,2023-01-02 21:01:36,0
CARD-0009,MER-003,11.96,2023-01-02 17:55:50,0
CARD-0009,MER-005,12.59,2023-01-02 08:37:23,0
CARD-0007,MER-004,10.00,2023-01-02 18:12:01,0
CARD-0003,MER-007,29.90,2023-01-01 15:18:28,0
CARD-0012,MER-013,2.50,2023-01-02 21:06:43,0
CARD-0021,MER-025,75.00,2023-01-01 17:30:53,0
CARD-0016,MER-011,19.99,2023-01-01 17:16:53,0
CARD-0002,MER-009,1.46,2023-01-01 19:05:39,0
CARD-0002,MER-005,8.98,2023-01-02 16:18:12,0
CARD-0006,MER-012,136.56,2023-01-01 16:45:43,0
CARD-0026,MER-033,0.76,2023-01-02 21:51:34,0
CARD-0005,MER-012,2.28,2023-01-01 09:52:00,0
CARD-0013,MER-019,112.54,2023-01-02 17:06:40,0
CARD-0021,MER-004,54.49,2023-01-02 22:12:06,0
CARD-0013,MER-006,550.35,2023-01-01 08:59:45,0
CARD-0040,MER-014,30.17,2023-01-01 11:42:23,0
CARD-0007,MER-002,3.99,2023-01-02 16:23:14,0
CARD-0009,MER-015,33.00,2023-01-01 11:21:51,0
CARD-0002,MER-021,25.00,2023-01-01 11:58:58,0
CARD-0037,MER-001,287.70,2023-01-02 16:15:34,0
CARD-0020,MER-027,15.00,2023-01-02 15:33:46,0
CARD-0004,MER-016,0.89,2023-01-01 00:06:50,0
CARD-0017,MER-007,4.00,2023-01-01 09:11:46,0
CARD-0007,MER-017,26.75,2023-01-02 00:04:42,0
CARD-0013,MER-004,81.75,2023-01-01 12:26:47,0
CARD-0012,MER-013,19.95,2023-01-01 09:10:54,0
CARD-0021,MER-013,27.00,2023-01-01 11:02:24,0
CARD-0004,MER-028,7.58,2023-01-01 02:05:08,0
CARD-0011,MER-007,38.00,2023-01-01 10:03:35,0
CARD-0015,MER-004,4.13,2023-01-01 17:55:36,0
CARD-0006,MER-028,28.75,2023-01-01 15:03:23,0
CARD-0083,MER-060,4377.98,2023-01-02 09:45:30,0
CARD-0002,MER-011,0.89,2023-01-01 19:26:06,0
CARD-0023,MER-007,70.47,2023-01-01 20:09:06,0
CARD-0029,MER-019,5.90,2023-01-02 20:57:13,0
CARD-0022,MER-005,1.00,2023-01-01 10:15:22,0
CARD-0016,MER-013,68.23,2023-01-02 17:17:17,0
CARD-0095,MER-026,236.00,2023-01-02 12:04:01,0
CARD-0001,MER-039,22.90,2023-01-01 15:36:00,0
CARD-0017,MER-003,167.24,2023-01-02 21:06:07,0
CARD-0010,MER-002,0.99,2023-01-01 23:18:28,0
CARD-0007,MER-035,19.99,2023-01-02 19:34:41,0
CARD-0022,MER-022,25.00,2023-01-02 20:40:33,0
CARD-0013,MER-032,10.00,2023-01-02 13:45:28,0
CARD-0020,MER-003,0.76,2023-01-01 10:20:32,0
CARD-0019,MER-010,83.97,2023-01-02 20:23:48,0
CARD-0024,MER-011,539.11,2023-01-02 14:32:59,0
CARD-0003,MER-013,233.32,2023-01-01 18:19:03,0
CARD-0024,MER-003,12.49,2023-01-02 23:16:48,0
CARD-0032,MER-004,68.00,2023-01-02 10:15:06,0
CARD-0001,MER-005,99.98,2023-01-01 22:32:49,0
CARD-0014,MER-004,59.90,2023-01-01 11:30:35,0
CARD-0004,MER-003,9.99,2023-01-02 17:52:18,0
CARD-0003,MER-033,1.50,2023-01-02 15:41:50,0
CARD-0012,MER-012,11.50,2023-01-02 12:13:40,0
CARD-0003,MER-019,55.95,2023-01-01 09:17:33,0
CARD-0012,MER-013,508.20,2023-01-01 20:43:51,0
CARD-0006,MER-012,8.95,2023-01-02 00:12:17,0
CARD-0003,MER-015,6.99,2023-01-01 13:17:17,0
CARD-0024,MER-001,25.70,2023-01-02 01:16:49,0
CARD-0007,MER-004,144.00,2023-01-01 20:31:54,0
CARD-0009,MER-009,6.79,2023-01-01 18:57:59,0
CARD-0017,MER-007,29.80,2023-01-01 11:01:03,0
CARD-0002,MER-020,5.00,2023-01-01 01:25:11,0
CARD-0016,MER-004,64.96,2023-01-01 22:27:01,0
CARD-0009,MER-020,90.00,2023-01-01 21:23:21,0
CARD-0006,MER-029,11.99,2023-01-01 15:13:10,0
CARD-0025,MER-023,9.99,2023-01-02 12:10:48,0
CARD-0002,MER-019,1.00,2023-01-01 10:45:47,0
CARD-0008,MER-010,90.00,2023-01-01 20:48:40,0
CARD-0052,MER-021,671.00,2023-01-01 22:11:47,0
CARD-0023,MER-009,19.99,2023-01-02 10:25:24,0
CARD-0010,MER-020,8.99,2023-01-02 23:31:00,0
CARD-0005,MER-024,19.67,2023-01-01 19:37:56,0
CARD-0006,MER-024,43.36,2023-01-01 07:59:33,0
CARD-0002,MER-010,19.99,2023-01-02 07:11:30,0
CARD-0007,MER-046,2.43,2023-01-01 07:07:08,0
CARD-0002,MER-013,4.49,2023-01-01 14:14:56,0
CARD-0028,MER-015,3.87,2023-01-02 21:59:33,0
CARD-0008,MER-025,0.89,2023-01-01 15:05:29,0
CARD-0013,MER-012,14.00,2023-01-01 12:30:20,0
CARD-0019,MER-027,2.00,2023-01-01 18:48:00,0
CARD-0016,MER-025,267.70,2023-01-02 10:35:50,0
CARD-0023,MER-011,22.47,2023-01-02 17:50:08,0
CARD-0003,MER-019,507.52,2023-01-02 15:56:02,0
CARD-0006,MER-012,77.14,2023-01-01 11:12:03,0
CARD-0102,MER-011,101.64,2023-01-02 16:37:50,0
CARD-0004,MER-009,0.77,2023-01-01 21:39:34,0
CARD-0005,MER-004,224.98,2023-01-01 10:42:44,0
CARD-0004,MER-015,3.70,2023-01-02 10:03:29,0
CARD-0049,MER-015,67.50,2023-01-02 09:05:51,0
CARD-0009,MER-012,72.17,2023-01-02 10:53:17,0
CARD-0028,MER-018,8.99,2023-01-02 10:18:07,0
CARD-0019,MER-030,100.00,2023-01-02 17:08:46,0
CARD-0007,MER-009,224.50,2023-01-01 10:12:38,0
CARD-0019,MER-009,12.00,2023-01-01 14:25:35,0
CARD-0007,MER-014,11.97,2023-01-01 20:28:01,0
CARD-0011,MER-013,10.00,2023-01-02 08:32:49,0
CARD-0002,MER-010,85.25,2023-01-02 17:32:55,0
CARD-0013,MER-006,3.49,2023-01-01 15:07:09,0
CARD-0029,MER-001,21.67,2023-01-01 21:20:15,0
CARD-0006,MER-017,7.70,2023-01-02 12:21:37,0
CARD-0025,MER-029,68.45,2023-01-02 21:40:06,0
CARD-0009,MER-018,5.89,2023-01-01 18:39:06,0
CARD-0007,MER-021,6.05,2023-01-01 17:57:20,0
CARD-0018,MER-002,0.45,2023-01-01 15:09:51,0
CARD-0024,MER-019,16.94,2023-01-02 20:50:25,0
CARD-0001,MER-014,0.89,2023-01-01 20:37:50,0
CARD-0025,MER-006,1.00,2023-01-02 22:00:12,0
CARD-0023,MER-007,113.04,2023-01-02 15:02:38,0
CARD-0005,MER-007,9.72,2023-01-02 22:49:51,0
CARD-0016,MER-020,15.00,2023-01-01 10:09:59,0
CARD-0027,MER-013,372.56,2023-01-01 09:00:02,0
CARD-0019,MER-002,120.00,2023-01-02 17:55:16,0
CARD-0054,MER-008,507.02,2023-01-01 10:30:17,0
CARD-0017,MER-019,1.79,2023-01-01 18:28:08,0
CARD-0024,MER-025,18.99,2023-01-02 09:55:18,0
CARD-0012,MER-007,60.00,2023-01-02 14:29:56,0
CARD-0013,MER-009,85.68,2023-01-01 10:21:34,0
CARD-0019,MER-005,4.56,2023-01-01 20:31:44,0
CARD-0016,MER-009,20.29,2023-01-01 09:59:07,0
CARD-0024,MER-006,45.66,2023-01-02 08:43:48,0
CARD-0016,MER-011,120.31,2023-01-02 09:16:25,0
CARD-0002,MER-023,55.40,2023-01-02 14:52:24,0
CARD-0032,MER-001,0.76,2023-01-02 23:25:31,0
CARD-0021,MER-008,28.94,2023-01-02 12:13:04,0
CARD-0083,MER-001,128.39,2023-01-02 13:26:57,0
CARD-0023,MER-001,59.99,2023-01-02 20:39:00,0
CARD-0004,MER-003,312.32,2023-01-01 10:45:43,0
CARD-0008,MER-006,0.77,2023-01-01 20:14:13,0
CARD-0004,MER-001,4.49,2023-01-02 19:20:05,0
CARD-0015,MER-009,0.99,2023-01-01 08:00:31,0
CARD-0001,MER-012,35.00,2023-01-02 18:16:00,0
CARD-0019,MER-018,110.28,2023-01-02 10:55:04,0
CARD-0001,MER-018,26.99,2023-01-02 22:17:30,0
CARD-0021,MER-042,1000.00,2023-01-02 14:08:54,0
CARD-0026,MER-014,1.00,2023-01-02 10:41:49,0
CARD-0010,MER-020,34.40,2023-01-01 20:30:34,0
CARD-0022,MER-034,141.25,2023-01-01 18:16:00,0
CARD-0019,MER-010,74.57,2023-01-02 11:01:19,0
CARD-0003,MER-019,5.38,2023-01-01 12:35:34,0
CARD-0016,MER-003,42.90,2023-01-01 15:07:06,0
CARD-0019,MER-022,101.64,2023-01-02 08:25:48,0
CARD-0018,MER-007,1.00,2023-01-01 17:12:08,0
CARD-0012,MER-018,15.50,2023-01-01 14:22:38,0
CARD-0005,MER-008,25.00,2023-01-01 20:02:23,0
CARD-0019,MER-019,75.00,2023-01-02 12:57:24,0
CARD-0001,MER-005,10.06,2023-01-02 10:30:29,0
CARD-0038,MER-007,1.00,2023-01-02 18:54:23,0
CARD-0030,MER-001,50.00,2023-01-02 15:37:38,0
CARD-0001,MER-018,38.13,2023-01-01 17:06:28,0
CARD-0023,MER-030,15.95,2023-01-02 12:15:14,0
CARD-0013,MER-001,42.31,2023-01-01 20:42:00,0
CARD-0061,MER-007,550.00,2023-01-01 10:54:05,0
CARD-0019,MER-021,65.00,2023-01-02 15:57:23,0
CARD-0009,MER-005,179.00,2023-01-01 10:06:39,0
CARD-0009,MER-028,59.90,2023-01-01 00:08:37,0
CARD-0008,MER-018,187.00,2023-01-02 09:49:25,0
CARD-0001,MER-011,284.96,2023-01-01 23:37:29,0
CARD-0018,MER-007,3.58,2023-01-01 21:58:25,0
CARD-0012,MER-005,12.31,2023-01-01 13:22:05,0
CARD-0010,MER-019,72.67,2023-01-02 20:26:09,0
CARD-0005,MER-011,25.00,2023-01-02 05:25:15,0
CARD-0008,MER-010,260.00,2023-01-02 21:04:54,0
CARD-0002,MER-018,3.78,2023-01-02 22:18:58,0
CARD-0004,MER-007,209.99,2023-01-01 18:30:50,0
CARD-0007,MER-013,80.00,2023-01-01 13:44:21,0
CARD-0031,MER-001,383.50,2023-01-02 17:31:26,0
CARD-0022,MER-001,58.96,2023-01-02 07:43:02,0
CARD-0027,MER-016,0.89,2023-01-02 19:24:37,0
CARD-0029,MER-017,0.89,2023-01-02 14:32:23,0
CARD-0001,MER-025,8.65,2023-01-01 19:17:16,0
CARD-0001,MER-045,0.00,2023-01-01 14:14:49,0
CARD-0002,MER-014,277.55,2023-01-01 10:44:25,0
CARD-0002,MER-010,274.68,2023-01-01 22:57:52,0
CARD-0015,MER-001,2.39,2023-01-01 13:34:04,0
CARD-0021,MER-023,20.00,2023-01-02 15:04:33,0
CARD-0182,MER-003,600.30,2023-01-02 16:06:52,0
CARD-0009,MER-016,0.77,2023-01-02 21:47:17,0
CARD-0014,MER-008,10.00,2023-01-01 20:12:32,0
CARD-0013,MER-015,45.00,2023-01-01 11:37:31,0
CARD-0005,MER-019,22.32,2023-01-01 13:12:53,0
CARD-0018,MER-010,44.80,2023-01-02 13:01:35,0
CARD-0015,MER-011,50.00,2023-01-02 16:59:24,0
CARD-0013,MER-004,41.85,2023-01-01 08:41:59,0
CARD-0012,MER-010,75.00,2023-01-02 17:48:30,0
CARD-0008,MER-002,115.85,2023-01-01 16:29:24,0
CARD-0008,MER-006,5.15,2023-01-02 11:27:25,0
CARD-0074,MER-005,664.58,2023-01-02 14:07:56,0
CARD-0014,MER-016,15.00,2023-01-01 23:05:36,0
CARD-0044,MER-020,152.00,2023-01-02 10:21:57,0
CARD-0002,MER-013,63.12,2023-01-02 12:05:53,0
CARD-0004,MER-023,4.73,2023-01-01 17:06:29,0
CARD-0010,MER-026,22.65,2023-01-02 13:36:33,0
CARD-0009,MER-014,24.73,2023-01-01 20:33:03,0
CARD-0064,MER-013,124.44,2023-01-02 08:30:25,0
CARD-0022,MER-011,59.62,2023-01-02 08:10:48,0
CARD-0004,MER-007,5.49,2023-01-01 12:37:27,0
CARD-0027,MER-013,0.89,2023-01-02 10:05:10,0
CARD-0015,MER-007,8.49,2023-01-01 19:51:25,0
CARD-0026,MER-011,0.89,2023-01-02 13:28:52,0
CARD-0023,MER-004,5.74,2023-01-02 00:11:21,0
CARD-0027,MER-015,1.98,2023-01-02 23:35:22,0
CARD-0001,MER-018,3.87,2023-01-01 08:28:57,0
CARD-0009,MER-003,172.50,2023-01-01 19:54:06,0
CARD-0023,MER-010,14.23,2023-01-02 16:22:42,0
CARD-0018,MER-005,1.00,2023-01-02 18:42:24,0
CARD-0007,MER-016,79.58,2023-01-01 20:23:31,0
CARD-0011,MER-012,225.98,2023-01-02 14:18:45,0
CARD-0018,MER-005,19.95,2023-01-02 04:11:35,0
CARD-0006,MER-026,8.99,2023-01-02 18:52:53,0
CARD-0013,MER-010,1.50,2023-01-01 13:01:15,0
CARD-0020,MER-012,1.29,2023-01-01 04:07:37,0
CARD-0016,MER-001,51.73,2023-01-01 20:27:25,0
CARD-0002,MER-025,47.80,2023-01-02 11:33:21,0
CARD-0022,MER-027,149.00,2023-01-02 07:49:52,0
CARD-0016,MER-001,0.77,2023-01-01 08:05:52,0
CARD-0013,MER-004,24.99,2023-01-01 08:02:06,0
CARD-0001,MER-001,5.37,2023-01-01 21:52:01,0
CARD-0005,MER-016,14.80,2023-01-02 16:51:10,0
CARD-0027,MER-012,0.89,2023-01-02 09:54:54,0
CARD-0027,MER-018,18.96,2023-01-02 22:56:04,0
CARD-0023,MER-022,88.00,2023-01-02 06:59:33,0
CARD-0013,MER-013,10.80,2023-01-01 16:21:20,0
CARD-0008,MER-007,133.07,2023-01-02 23:05:18,0
CARD-0021,MER-010,4.49,2023-01-02 09:49:51,0
CARD-0009,MER-004,8.90,2023-01-02 00:40:12,0
CARD-0022,MER-002,9.18,2023-01-02 16:39:10,0
CARD-0024,MER-045,60.00,2023-01-02 22:11:28,0
CARD-0005,MER-011,0.89,2023-01-02 07:46:07,0
CARD-0007,MER-032,1.69,2023-01-02 13:06:43,0
CARD-0006,MER-007,177.66,2023-01-01 09:43:08,0
CARD-0019,MER-001,119.95,2023-01-02 13:42:37,0
CARD-0024,MER-018,9.99,2023-01-02 19:13:43,0
CARD-0008,MER-022,0.00,2023-01-02 11:32:02,0
CARD-0013,MER-014,11.50,2023-01-01 12:20:30,0
CARD-0004,MER-002,1.98,2023-01-02 00:23:06,0
CARD-0001,MER-013,34.00,2023-01-01 10:44:25,0
CARD-0040,MER-050,7.70,2023-01-02 10:49:58,0
CARD-0092,MER-006,493.00,2023-01-01 03:27:53,0
CARD-0025,MER-022,15.00,2023-01-02 18:45:29,0
CARD-0016,MER-010,1.00,2023-01-01 17:02:16,0
CARD-0010,MER-017,267.54,2023-01-02 10:05:07,0
CARD-0007,MER-011,87.00,2023-01-01 19:12:04,0
CARD-0075,MER-017,0.89,2023-01-01 23:35:14,0
CARD-0006,MER-005,56.00,2023-01-01 10:17:04,0
CARD-0006,MER-013,46.57,2023-01-01 10:01:22,0
CARD-0017,MER-013,20.00,2023-01-01 20:12:17,0
CARD-0041,MER-002,1091.67,2023-01-01 23:39:02,0
CARD-0020,MER-007,1.52,2023-01-02 03:38:35,0
CARD-0005,MER-025,12.99,2023-01-01 19:22:32,0
CARD-0010,MER-026,6.60,2023-01-01 08:49:49,0
CARD-0028,MER-021,12.31,2023-01-02 14:34:56,0
CARD-0002,MER-007,350.00,2023-01-01 09:47:53,0
CARD-0011,MER-008,79.99,2023-01-02 23:48:40,0
CARD-0026,MER-012,1.29,2023-01-02 20:13:30,0
CARD-0003,MER-011,9.99,2023-01-02 20:00:16,0
CARD-0009,MER-001,76.59,2023-01-01 13:15:33,0
CARD-0008,MER-007,15.73,2023-01-02 17:21:48,0
CARD-0012,MER-014,79.00,2023-01-02 09:07:02,0
CARD-0006,MER-003,104.50,2023-01-01 10:20:27,0
CARD-0023,MER-002,1.00,2023-01-01 11:41:07,0
CARD-0017,MER-009,6.95,2023-01-01 15:44:02,0
CARD-0083,MER-011,593.20,2023-01-02 17:14:52,0
CARD-0017,MER-013,500.00,2023-01-01 11:16:07,0
CARD-0026,MER-016,17.99,2023-01-02 22:43:33,0
CARD-0024,MER-003,9.99,2023-01-02 18:30:37,0
CARD-0005,MER-032,7.79,2023-01-01 08:33:58,0
CARD-0056,MER-052,89.99,2023-01-01 06:04:20,0
CARD-0005,MER-008,27.96,2023-01-02 11:30:33,0
CARD-0020,MER-005,10.00,2023-01-02 22:09:51,0
CARD-0014,MER-014,76.85,2023-01-01 21:29:17,0
CARD-0019,MER-008,47.11,2023-01-02 17:36:18,0
CARD-0024,MER-014,113.49,2023-01-02 01:03:22,0
CARD-0053,MER-021,0.01,2023-01-01 02:34:08,0
CARD-0006,MER-009,1.79,2023-01-02 00:47:55,0
CARD-0014,MER-019,143.95,2023-01-02 22:23:28,0
CARD-0027,MER-014,0.76,2023-01-02 12:46:31,0
CARD-0019,MER-011,157.65,2023-01-01 17:49:04,0
CARD-0018,MER-018,1.00,2023-01-01 22:00:58,0
CARD-0024,MER-019,0.99,2023-01-02 18:36:13,0
CARD-0019,MER-028,258.72,2023-01-02 08:07:49,0
CARD-0021,MER-032,19.95,2023-01-02 09:57:29,0
CARD-0024,MER-022,28.00,2023-01-02 20:31:39,0
CARD-0011,MER-004,189.95,2023-01-01 19:09:29,0
CARD-0028,MER-013,59.50,2023-01-02 21:12:00,0
CARD-0021,MER-012,15.95,2023-01-02 03:04:24,0
CARD-0026,MER-011,8.07,2023-01-02 12:28:32,0
CARD-0020,MER-016,39.99,2023-01-02 15:16:41,0
CARD-0019,MER-007,11.50,2023-01-02 19:16:18,0
CARD-0002,MER-009,13.90,2023-01-01 11:41:02,0
CARD-0010,MER-029,35.38,2023-01-02 12:05:17,0
CARD-0006,MER-004,159.08,2023-01-01 21:27:33,0
CARD-0031,MER-008,11.80,2023-01-01 19:54:04,0
CARD-0014,MER-005,58.00,2023-01-01 09:08:28,0
CARD-0020,MER-003,1.98,2023-01-01 00:10:30,0
CARD-0002,MER-011,1.00,2023-01-01 13:54:22,0
CARD-0006,MER-002,2.69,2023-01-02 08:59:42,0
CARD-0002,MER-016,8.67,2023-01-01 19:49:10,0
CARD-0009,MER-005,100.00,2023-01-01 21:34:40,0
CARD-0017,MER-006,2.69,2023-01-01 17:23:27,0
CARD-0007,MER-036,201.60,2023-01-02 14:05:04,0
CARD-0013,MER-008,6.67,2023-01-01 11:40:18,0
CARD-0017,MER-011,29.90,2023-01-01 00:10:34,0
CARD-0004,MER-007,210.57,2023-01-01 18:13:50,0
CARD-0019,MER-008,2.00,2023-01-01 21:09:57,0
CARD-0014,MER-005,120.34,2023-01-01 15:15:17,0
CARD-0030,MER-021,21.89,2023-01-02 05:46:08,0
CARD-0016,MER-001,54.35,2023-01-01 21:39:37,0
CARD-0026,MER-011,13.99,2023-01-02 16:06:56,0
CARD-0028,MER-015,2.28,2023-01-02 08:53:26,0
CARD-0009,MER-038,1.52,2023-01-01 11:46:29,0
CARD-0027,MER-010,2.69,2023-01-02 19:04:53,0
CARD-0010,MER-008,39.00,2023-01-02 09:25:45,0
CARD-0025,MER-017,23.74,2023-01-02 12:18:56,0
CARD-0017,MER-011,1.00,2023-01-01 08:53:56,0
CARD-0010,MER-002,13.48,2023-01-02 02:29:20,0
CARD-0017,MER-012,27.45,2023-01-01 15:46:38,0
CARD-0008,MER-002,325.36,2023-01-01 22:24:34,0
CARD-0017,MER-007,0.89,2023-01-01 23:14:50,0
CARD-0021,MER-021,453.22,2023-01-02 10:55:48,0
CARD-0005,MER-006,5.00,2023-01-02 11:24:42,0
CARD-0009,MER-005,128.40,2023-01-01 20:08:49,0
CARD-0010,MER-007,6.60,2023-01-02 18:39:04,0
CARD-0026,MER-012,1.79,2023-01-02 14:38:44,0
CARD-0020,MER-007,1.00,2023-01-01 19:05:04,0
CARD-0041,MER-016,366.41,2023-01-02 10:09:40,0
CARD-0002,MER-011,0.76,2023-01-01 07:06:07,0
CARD-0025,MER-008,5.00,2023-01-02 18:56:35,0
CARD-0002,MER-020,69.97,2023-01-02 19:04:34,0
CARD-0020,MER-001,1.79,2023-01-01 21:49:36,0
CARD-0026,MER-018,9.19,2023-01-02 10:51:32,0
CARD-0014,MER-003,1.00,2023-01-01 23:29:38,0
CARD-0017,MER-010,13.47,2023-01-01 15:36:31,0
CARD-0008,MER-003,12.00,2023-01-02 03:34:43,0
CARD-0007,MER-003,1.78,2023-01-02 06:50:08,0
CARD-0019,MER-003,170.00,2023-01-01 21:22:15,0
CARD-0012,MER-019,1.53,2023-01-01 20:40:46,0
CARD-0012,MER-005,317.69,2023-01-02 05:53:21,0
CARD-0007,MER-028,123.71,2023-01-01 17:03:54,0
CARD-0071,MER-011,359.77,2023-01-01 21:39:58,0
CARD-0007,MER-023,26.80,2023-01-01 11:50:45,0
CARD-0025,MER-013,1.98,2023-01-02 14:09:46,0
CARD-0014,MER-013,29.40,2023-01-01 13:09:04,0
CARD-0007,MER-008,1.00,2023-01-01 20:04:22,0
CARD-0004,MER-001,14.51,2023-01-02 02:55:39,0
CARD-0008,MER-002,1.00,2023-01-02 15:26:42,0
CARD-0006,MER-002,8.91,2023-01-02 11:29:54,0
CARD-0009,MER-006,69.00,2023-01-01 11:28:16,0
CARD-0030,MER-032,28.40,2023-01-02 16:06:23,0
CARD-0032,MER-011,0.02,2023-01-02 15:16:26,0
CARD-0025,MER-011,15.74,2023-01-02 02:45:23,0
CARD-0014,MER-005,40.90,2023-01-01 08:29:24,0
CARD-0032,MER-029,0.77,2023-01-02 09:24:40,0
CARD-0013,MER-021,193.00,2023-01-02 18:40:07,0
CARD-0010,MER-001,605.41,2023-01-01 21:48:17,0
CARD-0019,MER-013,4.49,2023-01-02 18:18:18,0
CARD-0001,MER-014,11.36,2023-01-01 07:27:42,0
CARD-0016,MER-015,7.99,2023-01-01 23:44:30,0
CARD-0025,MER-012,342.00,2023-01-02 15:49:43,0
CARD-0008,MER-002,343.00,2023-01-02 11:16:37,0
CARD-0004,MER-020,22.89,2023-01-02 10:29:36,0
CARD-0024,MER-011,40.87,2023-01-02 21:39:43,0
CARD-0006,MER-008,0.89,2023-01-02 21:13:07,0
CARD-0017,MER-034,110.66,2023-01-02 11:21:25,0
CARD-0021,MER-030,45.04,2023-01-02 13:20:06,0
CARD-0015,MER-008,67.77,2023-01-01 18:31:57,0
CARD-0024,MER-005,1.84,2023-01-02 00:15:47,0
CARD-0006,MER-003,181.50,2023-01-01 11:20:35,0
CARD-0022,MER-001,14.95,2023-01-02 04:01:55,0
CARD-0001,MER-017,472.14,2023-01-02 12:22:43,0
CARD-0003,MER-017,13.00,2023-01-01 16:10:45,0
CARD-0001,MER-015,46.64,2023-01-02 20:23:40,0
CARD-0014,MER-003,14.99,2023-01-01 17:26:53,0
CARD-0003,MER-021,422.00,2023-01-02 14:27:48,0
CARD-0024,MER-035,214.01,2023-01-02 00:37:12,0
CARD-0003,MER-020,50.00,2023-01-01 19:36:39,0
CARD-0019,MER-024,621.30,2023-01-02 07:56:33,0
CARD-0016,MER-014,9.99,2023-01-01 00:11:24,0
CARD-0008,MER-020,143.62,2023-01-01 19:13:03,0
CARD-0005,MER-015,7.50,2023-01-02 10:23:37,0
CARD-0003,MER-014,5.99,2023-01-01 15:14:44,0
CARD-0026,MER-017,40.00,2023-01-02 12:22:48,0
CARD-0012,MER-008,9.99,2023-01-01 08:00:07,0
CARD-0004,MER-005,1.00,2023-01-02 23:40:25,0
CARD-0019,MER-003,116.85,2023-01-02 02:57:38,0
CARD-0021,MER-024,180.00,2023-01-01 22:16:59,0
CARD-0019,MER-003,12.99,2023-01-01 03:17:13,0
CARD-0014,MER-027,265.20,2023-01-02 12:57:10,0
CARD-0017,MER-010,7.41,2023-01-01 21:00:27,0
CARD-0007,MER-012,540.68,2023-01-02 06:35:33,0
CARD-0020,MER-020,112.18,2023-01-02 16:55:25,0
CARD-0030,MER-048,7.69,2023-01-02 17:06:45,0
CARD-0011,MER-027,1.99,2023-01-02 14:21:16,0
CARD-0002,MER-018,205.33,2023-01-01 17:09:16,0
CARD-0016,MER-013,1.98,2023-01-01 12:13:05,0
CARD-0030,MER-022,589.91,2023-01-02 22:09:01,0
CARD-0009,MER-012,99.00,2023-01-01 16:28:59,0
CARD-0012,MER-024,166.00,2023-01-01 12:44:23,0
CARD-0007,MER-041,0.78,2023-01-02 23:20:17,0
CARD-0016,MER-005,82.44,2023-01-02 22:04:45,0
CARD-0002,MER-001,415.98,2023-01-01 21:59:33,0
CARD-0011,MER-019,165.00,2023-01-02 09:08:31,0
CARD-0028,MER-022,0.76,2023-01-02 07:44:14,0
CARD-0007,MER-009,23.74,2023-01-02 17:46:26,0
CARD-0020,MER-025,60.67,2023-01-01 16:30:43,0
CARD-0027,MER-014,29.02,2023-01-02 08:29:54,0
CARD-0006,MER-005,42.19,2023-01-02 02:49:29,0
CARD-0023,MER-018,79.99,2023-01-02 22:04:18,0
CARD-0012,MER-013,58.82,2023-01-02 13:42:31,0
CARD-0022,MER-010,69.24,2023-01-02 19:53:10,0
CARD-0022,MER-015,400.00,2023-01-01 14:16:52,0
CARD-0015,MER-003,29.00,2023-01-01 20:20:26,0
CARD-0010,MER-003,96.66,2023-01-02 11:08:03,0
CARD-0011,MER-007,266.26,2023-01-02 09:19:03,0
CARD-0018,MER-016,24.95,2023-01-02 18:20:00,0
CARD-0028,MER-017,1.98,2023-01-02 16:48:44,0
CARD-0028,MER-019,29.56,2023-01-02 22:35:51,0
CARD-0021,MER-013,99.00,2023-01-02 16:42:18,0
CARD-0043,MER-009,19.99,2023-01-02 07:41:56,0
CARD-0024,MER-032,0.45,2023-01-02 09:19:54,0
CARD-0009,MER-010,4.80,2023-01-01 18:47:21,0
CARD-0016,MER-008,11.08,2023-01-01 13:23:11,0
CARD-0009,MER-011,223.99,2023-01-01 10:53:30,0
CARD-0004,MER-008,19.75,2023-01-02 00:43:36,0
CARD-0018,MER-006,19.99,2023-01-01 08:48:22,0
CARD-0007,MER-015,150.00,2023-01-01 20:13:06,0
CARD-0001,MER-002,14.99,2023-01-02 11:40:18,0
CARD-0009,MER-005,5.00,2023-01-01 12:34:31,0
CARD-0002,MER-017,0.76,2023-01-01 16:08:02,0
CARD-0008,MER-012,9.99,2023-01-02 13:55:33,0
CARD-0006,MER-015,159.00,2023-01-01 11:30:26,0
CARD-0013,MER-029,78.36,2023-01-02 21:41:35,0
CARD-0017,MER-006,12.31,2023-01-01 16:40:23,0
CARD-0045,MER-026,152.57,2023-01-02 15:36:28,0
CARD-0013,MER-025,20.91,2023-01-01 13:27:51,0
CARD-0022,MER-006,13.20,2023-01-02 16:44:08,0
CARD-0001,MER-018,1.98,2023-01-01 21:15:37,0
CARD-0009,MER-004,62.42,2023-01-02 21:15:33,0
CARD-0017,MER-002,14.90,2023-01-01 14:56:46,0
CARD-0016,MER-018,257.24,2023-01-02 11:33:58,0
CARD-0001,MER-013,14.99,2023-01-02 10:49:26,0
CARD-0019,MER-016,16.99,2023-01-02 18:56:21,0
CARD-0013,MER-020,189.39,2023-01-02 15:50:03,0
CARD-0013,MER-017,45.00,2023-01-01 11:03:01,0
CARD-0030,MER-014,0.77,2023-01-02 16:54:46,0
CARD-0028,MER-011,0.89,2023-01-02 15:10:54,0
CARD-0039,MER-006,7.68,2023-01-02 15:44:58,0
CARD-0013,MER-008,62.09,2023-01-01 17:47:22,0
CARD-0022,MER-009,745.56,2023-01-02 14:43:18,0
CARD-0017,MER-029,10.00,2023-01-02 23:30:55,0
CARD-0031,MER-004,1.00,2023-01-01 18:28:43,0
CARD-0005,MER-001,38.70,2023-01-01 16:43:53,0
CARD-0022,MER-012,73.90,2023-01-02 08:20:32,0
CARD-0005,MER-002,198.86,2023-01-01 18:01:44,0
CARD-0018,MER-007,1.98,2023-01-01 16:31:57,0
CARD-0096,MER-026,201.00,2023-01-02 09:34:35,0
CARD-0003,MER-034,17.31,2023-01-01 22:35:09,0
CARD-0018,MER-008,82.00,2023-01-02 11:15:22,0
CARD-0016,MER-032,37.92,2023-01-01 01:48:17,0
CARD-0022,MER-022,89.99,2023-01-02 22:22:07,0
CARD-0004,MER-004,28.40,2023-01-02 21:44:41,0
CARD-0026,MER-008,15.00,2023-01-02 18:31:33,0
CARD-0012,MER-006,59.80,2023-01-01 09:01:51,0
CARD-0002,MER-019,4.39,2023-01-01 19:30:04,0
CARD-0020,MER-032,850.00,2023-01-02 15:48:58,0
CARD-0004,MER-003,51.00,2023-01-02 18:30:54,0
CARD-0023,MER-015,80.00,2023-01-02 13:40:16,0
CARD-0026,MER-011,9.21,2023-01-02 19:03:16,0
CARD-0023,MER-015,33.20,2023-01-02 15:15:31,0
CARD-0018,MER-006,12.99,2023-01-01 13:52:54,0
CARD-0007,MER-005,0.77,2023-01-02 17:37:32,0
CARD-0146,MER-045,60.00,2023-01-01 17:04:00,0
CARD-0025,MER-019,0.99,2023-01-02 14:46:19,0
CARD-0005,MER-010,1.00,2023-01-02 11:35:20,0
CARD-0009,MER-001,72.26,2023-01-01 18:09:54,0
CARD-0016,MER-009,22.10,2023-01-01 01:44:41,0
CARD-0007,MER-005,77.58,2023-01-02 22:28:59,0
CARD-0029,MER-012,1.00,2023-01-02 06:30:45,0
CARD-0005,MER-014,2.17,2023-01-02 15:39:50,0
CARD-0003,MER-010,15.00,2023-01-02 21:31:11,0
CARD-0008,MER-008,11.90,2023-01-02 23:36:52,0
CARD-0032,MER-031,0.76,2023-01-02 10:58:37,0
CARD-0017,MER-026,1.00,2023-01-02 16:13:55,0
CARD-0010,MER-008,6.99,2023-01-02 15:45:28,0
CARD-0015,MER-005,61.00,2023-01-01 18:30:30,0
CARD-0052,MER-017,46.00,2023-01-01 15:22:29,0
CARD-0037,MER-028,15.18,2023-01-02 20:24:33,0
CARD-0015,MER-032,12.16,2023-01-01 02:06:16,0
CARD-0021,MER-014,25.37,2023-01-02 09:33:15,0
CARD-0004,MER-014,15.00,2023-01-02 16:06:53,0
CARD-0031,MER-012,216.00,2023-01-02 19:37:25,0
CARD-0015,MER-010,85.25,2023-01-01 05:11:44,0
CARD-0019,MER-022,126.50,2023-01-02 09:44:12,0
CARD-0004,MER-014,10.98,2023-01-01 13:25:24,0
CARD-0006,MER-008,15.65,2023-01-02 08:23:08,0
CARD-0007,MER-003,2.69,2023-01-02 20:07:09,0
CARD-0017,MER-010,3.76,2023-01-01 19:53:00,0
CARD-0022,MER-007,45.00,2023-01-02 16:23:27,0
CARD-0004,MER-004,39.00,2023-01-01 10:56:16,0
CARD-0013,MER-001,52.90,2023-01-01 10:04:21,0
CARD-0015,MER-011,40.00,2023-01-01 14:07:37,0
CARD-0002,MER-028,18.95,2023-01-02 10:55:00,0
CARD-0013,MER-012,57.00,2023-01-01 11:04:08,0
CARD-0029,MER-025,2.00,2023-01-02 10:00:18,0
CARD-0013,MER-013,11.50,2023-01-01 20:23:12,0
CARD-0003,MER-004,13.99,2023-01-01 16:31:41,0
CARD-0011,MER-053,111.45,2023-01-02 02:25:46,0
CARD-0002,MER-037,0.76,2023-01-02 10:48:21,0
CARD-0013,MER-010,144.00,2023-01-01 15:48:38,0
CARD-0002,MER-018,3.08,2023-01-01 15:37:44,0
CARD-0023,MER-004,390.88,2023-01-01 15:08:17,0
CARD-0009,MER-011,81.00,2023-01-02 10:04:16,0
CARD-0014,MER-031,234.20,2023-01-02 16:03:43,0
CARD-0016,MER-012,71.20,2023-01-02 17:04:51,0
CARD-0011,MER-017,10.00,2023-01-01 18:09:41,0
CARD-0025,MER-007,55.50,2023-01-02 16:21:30,0
CARD-0068,MER-027,11.50,2023-01-02 15:54:55,0
CARD-0011,MER-020,165.96,2023-01-01 22:31:18,0
CARD-0020,MER-012,102.00,2023-01-02 10:53:35,0
CARD-0025,MER-015,43.85,2023-01-01 14:29:50,0
CARD-0002,MER-017,0.76,2023-01-02 18:38:14,0
CARD-0006,MER-026,75.66,2023-01-01 18:57:04,0
CARD-0025,MER-019,7.00,2023-01-02 09:24:10,0
CARD-0003,MER-037,63.40,2023-01-01 12:50:59,0
CARD-0037,MER-005,1186.98,2023-01-01 09:55:45,0
CARD-0030,MER-023,1.00,2023-01-02 22:35:22,0
CARD-0023,MER-015,1.18,2023-01-01 18:17:52,0
CARD-0004,MER-004,1.98,2023-01-02 23:22:55,0
CARD-0010,MER-009,29.99,2023-01-02 09:50:13,0
CARD-0029,MER-013,13.14,2023-01-02 12:11:45,0
CARD-0005,MER-002,1.29,2023-01-02 03:55:24,0
CARD-0001,MER-010,1.98,2023-01-02 04:06:01,0
CARD-0020,MER-007,60.00,2023-01-01 14:11:08,0
CARD-0025,MER-014,12.99,2023-01-01 22:53:12,0
CARD-0005,MER-014,29.00,2023-01-02 16:53:22,0
CARD-0008,MER-001,76.61,2023-01-02 21:12:37,0
CARD-0002,MER-012,25.00,2023-01-02 17:03:49,0
CARD-0002,MER-037,0.00,2023-01-01 01:42:33,0
CARD-0032,MER-009,150.49,2023-01-02 11:11:45,0
CARD-0007,MER-008,99.00,2023-01-02 13:38:03,0
CARD-0024,MER-003,1.00,2023-01-02 21:28:11,0
CARD-0016,MER-008,1.98,2023-01-01 10:12:29,0
CARD-0009,MER-001,1.00,2023-01-02 15:26:59,0
CARD-0010,MER-003,66.00,2023-01-01 12:58:47,0
CARD-0028,MER-028,15.00,2023-01-02 07:04:29,0
CARD-0023,MER-037,3.79,2023-01-02 06:45:18,0
CARD-0014,MER-036,228.20,2023-01-01 14:05:52,0
CARD-0016,MER-005,27.98,2023-01-01 11:17:37,0
CARD-0018,MER-010,9.98,2023-01-01 17:49:01,0
CARD-0011,MER-002,149.64,2023-01-01 20:08:55,0
CARD-0002,MER-021,4.54,2023-01-01 17:13:15,0
CARD-0010,MER-030,47.85,2023-01-01 08:55:11,0
CARD-0023,MER-001,75.00,2023-01-02 01:20:25,0
CARD-0027,MER-019,20.24,2023-01-02 08:09:05,0
CARD-0002,MER-031,0.83,2023-01-01 05:15:44,0
CARD-0023,MER-007,9.00,2023-01-01 14:43:25,0
CARD-0035,MER-055,9.99,2023-01-02 10:37:16,0
CARD-0003,MER-032,136.23,2023-01-01 16:33:07,0
CARD-0020,MER-011,0.89,2023-01-01 19:45:23,0
CARD-0016,MER-002,9.89,2023-01-01 14:41:14,0
CARD-0008,MER-019,336.49,2023-01-02 15:00:01,0
CARD-0009,MER-017,169.00,2023-01-01 03:39:54,0
CARD-0018,MER-006,2.00,2023-01-02 18:40:58,0
CARD-0005,MER-003,1.29,2023-01-02 09:10:44,0
CARD-0013,MER-003,1.00,2023-01-01 22:01:25,0
CARD-0002,MER-029,320.05,2023-01-01 19:06:20,0
CARD-0033,MER-021,991.00,2023-01-02 12:24:44,0
CARD-0028,MER-021,6.99,2023-01-02 21:46:00,0
CARD-0092,MER-055,1673.00,2023-01-02 12:47:59,0
CARD-0010,MER-002,19.99,2023-01-02 12:42:15,0
CARD-0026,MER-009,7.00,2023-01-02 22:45:15,0
CARD-0004,MER-018,24.99,2023-01-02 19:15:25,0
CARD-0001,MER-001,3.59,2023-01-01 23:22:36,0
CARD-0008,MER-005,31.19,2023-01-02 22:59:24,0
CARD-0031,MER-016,5.00,2023-01-02 02:08:18,0
CARD-0021,MER-005,5.14,2023-01-01 17:46:02,0
CARD-0001,MER-029,224.06,2023-01-01 01:30:40,0
CARD-0009,MER-013,1.00,2023-01-02 15:52:04,0
CARD-0019,MER-006,0.89,2023-01-01 13:19:51,0
CARD-0005,MER-024,40.77,2023-01-01 22:42:37,0
CARD-0020,MER-024,75.86,2023-01-02 18:09:07,0
CARD-0029,MER-027,70.00,2023-01-02 14:26:11,0
CARD-0023,MER-016,32.10,2023-01-02 08:47:01,0
CARD-0027,MER-021,29.99,2023-01-02 08:27:18,0
CARD-0010,MER-007,74.95,2023-01-01 15:20:09,0
CARD-0012,MER-034,1054.75,2023-01-01 11:34:16,0
CARD-0021,MER-003,18.07,2023-01-02 18:19:25,0
CARD-0026,MER-013,72.64,2023-01-02 09:57:06,0
CARD-0006,MER-011,167.50,2023-01-01 14:16:08,0
CARD-0015,MER-012,16.15,2023-01-01 22:23:56,0
CARD-0001,MER-017,32.10,2023-01-02 22:53:20,0
CARD-0044,MER-007,34.66,2023-01-02 10:29:05,0
CARD-0047,MER-020,134.00,2023-01-02 10:51:12,0
CARD-0022,MER-004,12.58,2023-01-02 16:04:52,0
CARD-0007,MER-011,18.55,2023-01-01 10:38:44,0
CARD-0015,MER-007,59.14,2023-01-01 10:47:33,0
CARD-0015,MER-018,73.68,2023-01-01 22:05:09,0
CARD-0001,MER-009,9.99,2023-01-02 19:36:57,0
CARD-0015,MER-005,640.27,2023-01-02 11:42:41,0
CARD-0003,MER-033,13.49,2023-01-01 05:00:26,0
CARD-0009,MER-001,39.65,2023-01-02 14:33:59,0
CARD-0016,MER-008,29.99,2023-01-01 16:57:32,0
CARD-0019,MER-011,197.42,2023-01-02 12:57:46,0
CARD-0013,MER-023,109.99,2023-01-02 09:46:51,0
CARD-0019,MER-001,244.11,2023-01-02 11:06:20,0
CARD-0003,MER-017,40.00,2023-01-02 23:59:28,0
CARD-0025,MER-009,1.98,2023-01-02 19:54:56,0
CARD-0007,MER-025,0.76,2023-01-02 14:59:06,0
CARD-0153,MER-074,2.92,2023-01-01 05:17:09,0
CARD-0030,MER-019,21.25,2023-01-02 20:10:45,0
CARD-0003,MER-015,34.90,2023-01-01 08:33:21,0
CARD-0021,MER-026,90.54,2023-01-01 11:46:36,0
CARD-0016,MER-007,15.00,2023-01-01 08:14:09,0
CARD-0033,MER-030,0.76,2023-01-02 17:12:40,0
CARD-0099,MER-003,550.00,2023-01-02 09:09:24,0
CARD-0002,MER-015,7.05,2023-01-02 10:11:00,0
CARD-0010,MER-004,1.98,2023-01-01 15:00:11,0
CARD-0017,MER-007,1.33,2023-01-01 19:40:21,0
CARD-0018,MER-002,25.30,2023-01-02 19:17:32,0
CARD-0027,MER-020,0.76,2023-01-02 18:30:41,0
CARD-0020,MER-008,250.98,2023-01-02 17:07:20,0
CARD-0007,MER-002,4.99,2023-01-02 19:16:55,0
CARD-0004,MER-001,4.99,2023-01-02 13:22:39,0
CARD-0004,MER-018,127.13,2023-01-01 21:25:41,0
CARD-0024,MER-022,15.00,2023-01-02 21:04:03,0
CARD-0016,MER-008,1.98,2023-01-01 19:03:54,0
CARD-0006,MER-002,19.95,2023-01-02 22:07:29,0
CARD-0005,MER-004,98.90,2023-01-02 18:02:57,0
CARD-0003,MER-014,3.98,2023-01-01 19:54:46,0
CARD-0027,MER-036,13.72,2023-01-02 19:51:31,0
CARD-0018,MER-011,25.00,2023-01-01 14:18:15,0
CARD-0004,MER-072,3889.00,2023-01-01 08:59:11,0
CARD-0132,MER-017,828.36,2023-01-02 19:29:50,0
CARD-0014,MER-017,7.58,2023-01-01 16:21:05,0
CARD-0023,MER-003,6.99,2023-01-02 22:47:11,0
CARD-0014,MER-005,1.00,2023-01-01 21:39:31,0
CARD-0025,MER-013,0.89,2023-01-01 09:32:57,0
CARD-0009,MER-008,149.00,2023-01-02 09:58:46,0
CARD-0013,MER-030,209.33,2023-01-01 11:51:31,0
CARD-0018,MER-026,7.58,2023-01-01 11:47:42,0
CARD-0013,MER-029,1.29,2023-01-01 16:03:27,0
CARD-0003,MER-021,4.40,2023-01-02 14:55:04,0
CARD-0005,MER-001,1.29,2023-01-02 13:01:39,0
CARD-0015,MER-003,24.38,2023-01-01 15:01:38,0
CARD-0003,MER-011,9.99,2023-01-01 19:47:56,0
CARD-0012,MER-008,24.94,2023-01-02 09:43:42,0
CARD-0093,MER-058,0.76,2023-01-02 11:41:18,0
CARD-0014,MER-011,69.90,2023-01-01 10:31:52,0
CARD-0029,MER-002,105.00,2023-01-02 09:16:36,0
CARD-0007,MER-004,101.30,2023-01-01 20:46:05,0
CARD-0009,MER-026,9.99,2023-01-01 23:26:19,0
CARD-0010,MER-017,90.00,2023-01-01 08:08:43,0
CARD-0014,MER-018,45.00,2023-01-01 13:54:22,0
CARD-0005,MER-013,20.00,2023-01-01 17:44:40,0
CARD-0006,MER-010,11.50,2023-01-02 19:31:11,0
CARD-0027,MER-004,10.00,2023-01-02 07:50:39,0
CARD-0008,MER-003,6.15,2023-01-02 17:43:13,0
CARD-0001,MER-024,19.34,2023-01-01 13:18:19,0
CARD-0065,MER-017,110.00,2023-01-01 18:30:29,0
CARD-0015,MER-005,61.90,2023-01-01 22:11:28,0
CARD-0217,MER-079,5268.04,2023-01-01 23:58:46,0
CARD-0016,MER-015,22.99,2023-01-01 20:33:12,0
CARD-0029,MER-017,33.21,2023-01-02 15:29:34,0
CARD-0001,MER-028,2.41,2023-01-01 21:53:20,0
CARD-0022,MER-001,25.00,2023-01-02 10:19:37,0
CARD-0012,MER-020,181.26,2023-01-01 20:49:27,0
CARD-0019,MER-011,1.98,2023-01-01 23:24:49,0
CARD-0003,MER-015,29.97,2023-01-01 23:00:37,0
CARD-0007,MER-018,491.10,2023-01-02 14:15:08,0
CARD-0008,MER-028,18.93,2023-01-01 09:48:55,0
CARD-0005,MER-008,1.79,2023-01-02 15:49:25,0
CARD-0022,MER-007,12.06,2023-01-02 09:41:51,0
CARD-0001,MER-006,523.10,2023-01-02 13:12:46,0
CARD-0026,MER-019,30.00,2023-01-02 22:56:45,0
CARD-0023,MER-006,169.33,2023-01-02 13:14:35,0
CARD-0003,MER-029,30.07,2023-01-01 02:30:14,0
CARD-0007,MER-016,318.00,2023-01-02 10:36:46,0
CARD-0007,MER-007,3.59,2023-01-02 23:26:38,0
CARD-0014,MER-002,18.00,2023-01-01 10:16:10,0
CARD-0025,MER-032,111.08,2023-01-02 13:25:53,0
CARD-0031,MER-032,9.99,2023-01-01 18:33:32,0
CARD-0003,MER-008,276.15,2023-01-01 10:18:27,0
CARD-0017,MER-001,49.95,2023-01-01 17:03:51,0
CARD-0022,MER-017,19.95,2023-01-02 09:12:43,0
CARD-0018,MER-003,14.75,2023-01-01 10:40:13,0
CARD-0017,MER-013,9.46,2023-01-01 17:57:12,0
CARD-0019,MER-006,1.98,2023-01-01 20:33:33,0
CARD-0001,MER-013,210.26,2023-01-02 09:34:06,0
CARD-0014,MER-016,15.00,2023-01-01 18:59:49,0
CARD-0009,MER-016,192.72,2023-01-02 19:18:59,0
CARD-0021,MER-012,39.95,2023-01-02 09:38:14,0
CARD-0003,MER-014,25.73,2023-01-02 20:52:39,0
CARD-0004,MER-009,172.00,2023-01-01 22:38:13,0
CARD-0026,MER-037,22.00,2023-01-02 12:49:31,0
CARD-0023,MER-006,11.50,2023-01-02 11:16:30,0
CARD-0003,MER-024,500.00,2023-01-02 12:22:28,0
CARD-0007,MER-002,253.20,2023-01-01 10:19:20,0
CARD-0008,MER-021,3.14,2023-01-02 12:00:35,0
CARD-0003,MER-022,1.00,2023-01-02 21:28:00,0
CARD-0025,MER-037,63.41,2023-01-02 09:10:21,0
CARD-0001,MER-004,65.84,2023-01-02 03:07:13,0
CARD-0010,MER-018,11.47,2023-01-01 10:49:14,0
CARD-0017,MER-005,39.90,2023-01-01 08:57:42,0
CARD-0003,MER-017,4.98,2023-01-01 20:18:24,0
CARD-0003,MER-019,1.00,2023-01-02 21:27:07,0
CARD-0008,MER-007,196.45,2023-01-01 18:53:13,0
CARD-0003,MER-009,295.00,2023-01-01 11:54:43,0
CARD-0028,MER-027,0.75,2023-01-02 14:12:33,0
CARD-0027,MER-015,1.98,2023-01-02 19:30:57,0
CARD-0017,MER-013,167.91,2023-01-02 21:49:37,0
CARD-0023,MER-002,36.00,2023-01-02 13:03:38,0
CARD-0026,MER-013,9.74,2023-01-02 13:40:08,0
CARD-0029,MER-022,15.30,2023-01-02 20:12:17,0
CARD-0003,MER-005,7.00,2023-01-02 18:59:31,0
CARD-0007,MER-020,110.99,2023-01-01 14:12:58,0
CARD-0003,MER-046,6.06,2023-01-02 11:58:25,0
CARD-0008,MER-002,4.00,2023-01-01 19:54:14,0
CARD-0014,MER-015,28.75,2023-01-01 09:57:55,0
CARD-0014,MER-002,7.90,2023-01-02 00:44:16,0
CARD-0026,MER-024,23.51,2023-01-01 07:17:22,0
CARD-0028,MER-012,45.38,2023-01-02 20:15:29,0
CARD-0005,MER-002,7.99,2023-01-02 09:25:25,0
CARD-0017,MER-004,20.95,2023-01-01 04:29:17,0
CARD-0001,MER-018,9.99,2023-01-02 01:33:00,0
CARD-0006,MER-037,55.54,2023-01-01 13:37:38,0
CARD-0022,MER-008,23.95,2023-01-02 23:20:15,0
CARD-0011,MER-009,48.94,2023-01-01 07:21:05,0
CARD-0029,MER-015,4.49,2023-01-02 17:13:43,0
CARD-0010,MER-029,33.30,2023-01-01 21:06:43,0
CARD-0020,MER-003,2.31,2023-01-01 04:14:57,0
CARD-0018,MER-005,11.80,2023-01-01 20:16:03,0
CARD-0018,MER-008,20.00,2023-01-01 14:40:41,0
CARD-0001,MER-016,515.23,2023-01-02 14:48:34,0
CARD-0030,MER-020,1.00,2023-01-02 13:17:19,0
CARD-0019,MER-012,18.11,2023-01-02 21:06:37,0
CARD-0022,MER-015,6.04,2023-01-02 03:51:30,0
CARD-0025,MER-036,8.99,2023-01-02 13:06:45,0
CARD-0028,MER-013,3.75,2023-01-02 09:06:40,0
CARD-0016,MER-017,107.65,2023-01-02 13:36:26,0
CARD-0007,MER-012,93.11,2023-01-01 13:00:24,0
CARD-0028,MER-025,0.76,2023-01-02 12:38:04,0
CARD-0028,MER-011,222.00,2023-01-01 14:23:32,0
CARD-0025,MER-025,1.29,2023-01-02 18:13:02,0
CARD-0026,MER-013,0.77,2023-01-01 19:04:16,0
CARD-0009,MER-009,19.38,2023-01-02 02:50:29,0
CARD-0053,MER-012,1.00,2023-01-01 13:57:54,0
CARD-0030,MER-008,7.56,2023-01-02 09:02:27,0
CARD-0027,MER-001,769.50,2023-01-01 21:36:01,0
CARD-0009,MER-034,1.00,2023-01-01 10:40:27,0
CARD-0015,MER-008,41.76,2023-01-01 13:07:11,0
CARD-0034,MER-002,1107.89,2023-01-02 10:24:28,0
CARD-0009,MER-007,3.59,2023-01-02 14:21:03,0
CARD-0004,MER-006,6.17,2023-01-02 08:55:25,0
CARD-0017,MER-004,29.99,2023-01-01 13:49:05,0
CARD-0004,MER-005,1.89,2023-01-02 02:42:28,0
CARD-0027,MER-036,32.04,2023-01-02 10:35:03,0
CARD-0027,MER-014,1.00,2023-01-02 11:15:17,0
CARD-0012,MER-004,75.13,2023-01-01 21:29:01,0
CARD-0066,MER-029,112.27,2023-01-02 11:42:53,0
CARD-0019,MER-010,90.15,2023-01-02 22:06:39,0
CARD-0009,MER-001,1.18,2023-01-02 12:36:21,0
CARD-0016,MER-029,255.58,2023-01-01 10:15:59,0
CARD-0014,MER-008,11.50,2023-01-01 11:53:07,0
CARD-0014,MER-021,311.22,2023-01-02 15:06:05,0
CARD-0019,MER-011,15.00,2023-01-01 13:58:14,0
CARD-0010,MER-001,122.13,2023-01-01 11:20:13,0
CARD-0013,MER-006,1.14,2023-01-01 15:44:35,0
CARD-0012,MER-015,50.00,2023-01-01 18:49:59,0
CARD-0005,MER-014,0.98,2023-01-02 07:27:52,0
CARD-0006,MER-016,23.43,2023-01-01 07:12:39,0
CARD-0014,MER-003,44.95,2023-01-01 17:01:56,0
CARD-0015,MER-007,31.00,2023-01-01 22:52:38,0
CARD-0017,MER-019,67.40,2023-01-02 16:04:17,0
CARD-0018,MER-008,2.69,2023-01-01 16:21:41,0
CARD-0006,MER-002,21.28,2023-01-02 15:50:06,0
CARD-0015,MER-020,9.99,2023-01-01 10:49:11,0
CARD-0016,MER-011,165.34,2023-01-02 12:13:14,0
CARD-0005,MER-013,210.00,2023-01-01 15:04:13,0
CARD-0007,MER-005,63.50,2023-01-01 15:15:44,0
CARD-0045,MER-054,1.84,2023-01-01 13:47:51,0
CARD-0002,MER-010,26.46,2023-01-02 03:33:00,0
CARD-0021,MER-013,1.00,2023-01-01 23:14:06,0
CARD-0009,MER-010,119.90,2023-01-01 18:56:07,0
CARD-0017,MER-013,40.00,2023-01-02 17:54:29,0
CARD-0025,MER-003,2.00,2023-01-02 16:29:37,0
CARD-0018,MER-034,194.97,2023-01-02 23:06:01,0
CARD-0008,MER-030,35.97,2023-01-01 23:34:51,0
CARD-0021,MER-025,85.75,2023-01-02 14:40:44,0
CARD-0008,MER-008,1.00,2023-01-02 18:41:21,0
CARD-0004,MER-005,1.00,2023-01-02 20:39:54,0
CARD-0013,MER-009,47.45,2023-01-01 20:28:41,0
CARD-0007,MER-011,60.85,2023-01-02 13:47:27,0
CARD-0030,MER-045,6.30,2023-01-01 23:58:03,0
CARD-0023,MER-001,28.00,2023-01-02 11:26:45,0
CARD-0007,MER-018,69.70,2023-01-01 01:28:41,0
CARD-0014,MER-003,22.00,2023-01-01 09:35:34,0
CARD-0002,MER-012,23.90,2023-01-01 20:38:55,0
CARD-0063,MER-002,17.00,2023-01-01 22:06:16,0
CARD-0010,MER-006,99.90,2023-01-01 09:29:35,0
CARD-0007,MER-004,21.94,2023-01-02 21:09:27,0
CARD-0016,MER-013,20.00,2023-01-01 12:56:17,0
CARD-0019,MER-015,60.00,2023-01-02 11:53:59,0
CARD-0024,MER-019,8.99,2023-01-02 07:21:38,0
CARD-0011,MER-028,0.89,2023-01-01 22:43:37,0
CARD-0019,MER-039,75.59,2023-01-01 15:23:17,0
CARD-0005,MER-008,89.40,2023-01-02 22:00:38,0
CARD-0024,MER-005,15.00,2023-01-02 21:03:57,0
CARD-0022,MER-025,15.00,2023-01-02 21:37:32,0
CARD-0010,MER-013,0.99,2023-01-01 22:50:16,0
CARD-0003,MER-021,1.00,2023-01-02 21:28:12,0
CARD-0006,MER-010,8.50,2023-01-01 07:08:45,0
CARD-0009,MER-011,104.90,2023-01-02 12:58:55,0
CARD-0001,MER-009,15.02,2023-01-01 14:47:10,0
CARD-0018,MER-012,8.65,2023-01-01 06:00:38,0
CARD-0006,MER-017,120.06,2023-01-02 10:57:56,0
CARD-0001,MER-016,11.00,2023-01-02 17:48:08,0
CARD-0009,MER-002,30.14,2023-01-02 21:29:21,0
CARD-0023,MER-003,5.95,2023-01-02 13:31:48,0
CARD-0022,MER-055,43.62,2023-01-02 22:53:14,0
CARD-0055,MER-017,1394.60,2023-01-01 11:10:20,0
CARD-0013,MER-014,9.99,2023-01-01 15:35:03,0
CARD-0003,MER-014,36.29,2023-01-01 11:59:51,0
CARD-0017,MER-013,10.00,2023-01-01 18:27:41,0
CARD-0025,MER-011,0.89,2023-01-01 22:04:55,0
CARD-0026,MER-008,1.00,2023-01-02 18:16:57,0
CARD-0024,MER-003,39.81,2023-01-02 18:20:01,0
CARD-0003,MER-019,2.67,2023-01-01 09:59:33,0
CARD-0001,MER-016,8.95,2023-01-01 07:45:30,0
CARD-0029,MER-017,1.29,2023-01-02 15:20:36,0
CARD-0014,MER-005,11.53,2023-01-01 12:50:58,0
CARD-0018,MER-010,53.53,2023-01-02 18:29:09,0
CARD-0006,MER-009,51.00,2023-01-02 17:02:41,0
CARD-0018,MER-014,25.00,2023-01-02 11:28:15,0
CARD-0017,MER-010,9.99,2023-01-01 10:38:09,0
CARD-0028,MER-018,4.62,2023-01-02 13:13:29,0
CARD-0002,MER-016,9.85,2023-01-01 18:45:13,0
CARD-0023,MER-003,11.50,2023-01-02 22:50:03,0
CARD-0006,MER-012,89.74,2023-01-01 13:17:45,0
CARD-0027,MER-050,0.89,2023-01-02 23:07:55,0
CARD-0007,MER-029,157.07,2023-01-01 11:08:06,0
CARD-0024,MER-014,29.40,2023-01-02 02:57:20,0
CARD-0004,MER-007,6.54,2023-01-02 21:07:40,0
CARD-0014,MER-030,370.00,2023-01-02 14:06:55,0
CARD-0012,MER-015,9.95,2023-01-01 15:10:43,0
CARD-0016,MER-015,83.11,2023-01-02 11:23:01,0
CARD-0003,MER-017,1.00,2023-01-01 23:03:31,0
CARD-0004,MER-035,464.97,2023-01-02 11:28:22,0
CARD-0001,MER-006,500.00,2023-01-02 14:08:20,0
CARD-0016,MER-003,19.47,2023-01-01 18:59:08,0
CARD-0028,MER-017,0.99,2023-01-02 07:28:36,0
CARD-0005,MER-020,24.99,2023-01-01 16:21:32,0
CARD-0015,MER-008,200.00,2023-01-02 01:46:34,0
CARD-0020,MER-020,0.75,2023-01-01 19:35:55,0
CARD-0017,MER-007,19.36,2023-01-01 17:40:47,0
CARD-0010,MER-015,68.00,2023-01-01 09:51:38,0
CARD-0017,MER-009,30.90,2023-01-01 14:44:38,0
CARD-0031,MER-011,90.64,2023-01-01 20:57:13,0
CARD-0024,MER-002,9.99,2023-01-02 13:56:08,0
CARD-0007,MER-010,8.92,2023-01-01 17:43:33,0
CARD-0020,MER-003,1.00,2023-01-01 11:11:12,0
CARD-0039,MER-026,1280.00,2023-01-02 23:36:36,0
CARD-0016,MER-010,6.99,2023-01-01 09:45:33,0
CARD-0025,MER-018,71.14,2023-01-02 18:46:38,0
CARD-0024,MER-019,16.40,2023-01-02 18:25:21,0
CARD-0027,MER-011,1.00,2023-01-02 14:44:55,0
CARD-0003,MER-004,155.00,2023-01-01 15:53:29,0
CARD-0014,MER-028,8.99,2023-01-02 21:44:18,0
CARD-0013,MER-017,1.00,2023-01-02 00:22:23,0
CARD-0019,MER-020,1.00,2023-01-01 06:03:53,0
CARD-0015,MER-038,9.10,2023-01-02 20:38:25,0
CARD-0008,MER-021,24.07,2023-01-01 21:47:41,0
CARD-0009,MER-006,143.80,2023-01-01 11:04:31,0
CARD-0001,MER-006,0.01,2023-01-01 21:03:24,0
CARD-0023,MER-019,100.00,2023-01-02 14:39:56,0
CARD-0004,MER-009,1.29,2023-01-02 20:24:20,0
CARD-0010,MER-010,5.49,2023-01-02 23:26:30,0
CARD-0011,MER-021,29.47,2023-01-01 22:53:20,0
CARD-0017,MER-009,20.04,2023-01-01 08:37:53,0
CARD-0007,MER-007,140.00,2023-01-01 14:59:54,0
CARD-0006,MER-010,62.48,2023-01-02 14:26:32,0
CARD-0012,MER-007,99.99,2023-01-02 20:05:16,0
CARD-0032,MER-020,3.88,2023-01-01 20:03:26,0
CARD-0004,MER-013,6.28,2023-01-01 15:27:14,0
CARD-0012,MER-006,34.00,2023-01-01 19:02:29,0
CARD-0005,MER-019,120.00,2023-01-02 21:19:10,0
CARD-0012,MER-015,21.90,2023-01-02 11:12:42,0
CARD-0038,MER-014,302.85,2023-01-01 22:27:15,0
CARD-0002,MER-002,35.78,2023-01-02 08:20:53,0
CARD-0028,MER-012,1.00,2023-01-02 10:33:41,0
CARD-0020,MER-020,169.01,2023-01-02 09:04:23,0
CARD-0011,MER-008,24.95,2023-01-02 18:44:33,0
CARD-0045,MER-022,69.05,2023-01-01 13:49:27,0
CARD-0013,MER-028,150.00,2023-01-02 19:32:05,0
CARD-0034,MER-035,8.01,2023-01-01 16:16:26,0
CARD-0031,MER-017,0.77,2023-01-01 13:27:27,0
CARD-0028,MER-007,1.98,2023-01-02 01:02:15,0
CARD-0002,MER-023,1.00,2023-01-02 21:27:06,0
CARD-0059,MER-035,19.94,2023-01-01 09:48:04,0
CARD-0015,MER-001,5.38,2023-01-01 17:38:48,0
CARD-0002,MER-010,1.00,2023-01-02 22:59:01,0
CARD-0006,MER-010,27.99,2023-01-01 20:39:43,0
CARD-0028,MER-013,0.74,2023-01-02 20:55:38,0
CARD-0015,MER-036,100.00,2023-01-01 10:25:25,0
CARD-0027,MER-015,1.79,2023-01-02 20:47:20,0
CARD-0015,MER-009,20.00,2023-01-01 20:23:16,0
CARD-0003,MER-017,1.78,2023-01-01 23:08:13,0
CARD-0026,MER-012,1.29,2023-01-02 07:18:46,0
CARD-0007,MER-021,79.00,2023-01-01 19:56:04,0
CARD-0010,MER-006,120.90,2023-01-01 16:09:34,0
CARD-0100,MER-011,9.00,2023-01-02 19:26:04,0
CARD-0019,MER-002,5.00,2023-01-01 16:59:33,0
CARD-0017,MER-006,0.99,2023-01-01 00:18:37,0
CARD-0018,MER-018,235.50,2023-01-01 10:44:03,0
CARD-0072,MER-027,413.38,2023-01-02 17:56:23,0
CARD-0016,MER-023,98.00,2023-01-02 16:08:32,0
CARD-0019,MER-020,24.98,2023-01-02 14:07:03,0
CARD-0020,MER-017,12.89,2023-01-01 17:06:31,0
CARD-0010,MER-021,371.04,2023-01-02 15:22:29,0
CARD-0023,MER-017,29.95,2023-01-02 17:09:39,0
CARD-0007,MER-011,16.00,2023-01-02 11:14:20,0
CARD-0010,MER-005,5.16,2023-01-02 07:29:19,0
CARD-0007,MER-032,99.00,2023-01-01 23:23:41,0
CARD-0018,MER-009,1.12,2023-01-01 22:22:55,0
CARD-0005,MER-012,49.00,2023-01-01 17:44:28,0
CARD-0003,MER-014,572.82,2023-01-02 12:51:38,0
CARD-0006,MER-013,173.70,2023-01-01 12:09:04,0
CARD-0013,MER-002,7.62,2023-01-02 20:29:02,0
CARD-0019,MER-013,39.90,2023-01-02 23:24:21,0
CARD-0025,MER-012,3.84,2023-01-01 16:25:22,0
CARD-0006,MER-006,8.38,2023-01-02 22:28:16,0
CARD-0024,MER-024,15.00,2023-01-02 17:02:30,0
CARD-0012,MER-026,12.04,2023-01-01 10:09:42,0
CARD-0009,MER-007,4.49,2023-01-02 13:03:33,0
CARD-0007,MER-008,0.76,2023-01-01 20:41:13,0
CARD-0016,MER-022,7.80,2023-01-01 13:31:18,0
CARD-0006,MER-006,132.00,2023-01-01 11:09:35,0
CARD-0015,MER-016,54.00,2023-01-01 05:32:10,0
CARD-0014,MER-015,59.00,2023-01-02 14:01:19,0
CARD-0018,MER-009,6.99,2023-01-01 19:24:11,0
CARD-0008,MER-023,1.16,2023-01-02 19:34:44,0
CARD-0004,MER-011,1.98,2023-01-02 17:12:15,0
CARD-0022,MER-015,78.90,2023-01-02 09:05:07,0
CARD-0002,MER-027,5.16,2023-01-01 11:50:10,0
CARD-0024,MER-018,2.99,2023-01-02 19:51:40,0
CARD-0019,MER-006,11.28,2023-01-01 10:36:31,0
CARD-0002,MER-010,1.00,2023-01-02 19:49:31,0
CARD-0001,MER-022,605.04,2023-01-02 12:55:26,0
CARD-0015,MER-010,11.50,2023-01-01 16:40:47,0
CARD-0025,MER-013,0.89,2023-01-02 12:49:56,0
CARD-0024,MER-021,51.94,2023-01-02 22:54:03,0
CARD-0071,MER-061,1972.71,2023-01-02 12:33:44,0
CARD-0019,MER-009,1.79,2023-01-01 01:10:06,0
CARD-0007,MER-031,15.00,2023-01-02 21:15:15,0
CARD-0007,MER-041,14.95,2023-01-01 12:34:39,0
CARD-0020,MER-031,41.45,2023-01-02 22:54:25,0
CARD-0006,MER-017,239.02,2023-01-01 00:19:19,0
CARD-0008,MER-010,18.48,2023-01-02 07:32:51,0
CARD-0016,MER-002,16.10,2023-01-01 22:51:41,0
CARD-0011,MER-010,50.00,2023-01-01 20:08:52,0
CARD-0027,MER-011,0.89,2023-01-02 21:42:04,0
CARD-0015,MER-001,56.20,2023-01-01 12:17:08,0
CARD-0011,MER-021,20.86,2023-01-02 19:14:23,0
CARD-0003,MER-016,1.29,2023-01-01 15:17:07,0
CARD-0015,MER-002,15.00,2023-01-01 19:08:28,0
CARD-0018,MER-004,13.44,2023-01-01 10:06:56,0
CARD-0019,MER-003,1.98,2023-01-01 00:19:24,0
CARD-0019,MER-009,1.00,2023-01-01 08:52:44,0
CARD-0004,MER-027,9.99,2023-01-01 04:08:25,0
CARD-0012,MER-004,360.50,2023-01-02 05:58:06,0
CARD-0005,MER-020,159.98,2023-01-01 08:32:02,0
CARD-0044,MER-003,15.00,2023-01-02 14:20:18,0
CARD-0003,MER-004,9.72,2023-01-02 22:28:14,0
CARD-0020,MER-006,9.99,2023-01-02 08:02:07,0
CARD-0016,MER-007,8.42,2023-01-01 12:34:11,0
CARD-0001,MER-020,6.05,2023-01-01 17:06:37,0
CARD-0015,MER-015,8.95,2023-01-02 17:48:24,0
CARD-0005,MER-016,51.99,2023-01-02 15:01:05,0
CARD-0003,MER-032,102.15,2023-01-01 19:37:20,0
CARD-0027,MER-016,38.00,2023-01-02 08:08:41,0
CARD-0027,MER-010,18.23,2023-01-02 23:33:25,0
CARD-0001,MER-015,16.99,2023-01-02 10:12:48,0
CARD-0022,MER-025,19.48,2023-01-02 09:44:11,0
CARD-0016,MER-017,94.22,2023-01-01 23:23:40,0
CARD-0012,MER-009,92.39,2023-01-01 19:40:42,0
CARD-0015,MER-002,74.95,2023-01-01 20:25:35,0
CARD-0010,MER-018,42.81,2023-01-02 22:19:30,0
CARD-0027,MER-016,1.29,2023-01-02 17:53:55,0
CARD-0022,MER-021,196.00,2023-01-02 21:37:55,0
CARD-0001,MER-031,24.02,2023-01-01 20:33:54,0
CARD-0006,MER-015,218.00,2023-01-02 15:10:56,0
CARD-0001,MER-009,7.99,2023-01-02 15:58:09,0
CARD-0025,MER-024,915.90,2023-01-02 08:41:40,0
CARD-0020,MER-002,8.99,2023-01-01 00:19:50,0
CARD-0012,MER-007,2.99,2023-01-01 17:44:56,0
CARD-0026,MER-028,1.98,2023-01-02 19:56:21,0
CARD-0022,MER-011,64.94,2023-01-01 03:08:05,0
CARD-0016,MER-029,0.00,2023-01-01 22:11:35,0
CARD-0040,MER-068,1.79,2023-01-02 16:43:03,0
CARD-0008,MER-001,15.00,2023-01-01 15:05:47,0
CARD-0012,MER-001,98.44,2023-01-01 20:58:18,0
CARD-0019,MER-004,35.80,2023-01-02 18:36:04,0
CARD-0018,MER-021,46.02,2023-01-01 20:46:35,0
CARD-0019,MER-008,7.20,2023-01-01 13:49:01,0
CARD-0018,MER-012,10.00,2023-01-01 23:57:14,0
CARD-0025,MER-016,1.00,2023-01-02 07:26:03,0
CARD-0008,MER-027,424.68,2023-01-01 03:19:28,0
CARD-0002,MER-030,34.95,2023-01-01 12:14:10,0
CARD-0007,MER-012,22.95,2023-01-01 07:15:01,0
CARD-0012,MER-003,216.72,2023-01-02 10:08:28,0
CARD-0021,MER-007,85.33,2023-01-02 13:12:22,0
CARD-0028,MER-023,61.33,2023-01-02 11:45:16,0
CARD-0073,MER-077,10.09,2023-01-02 16:03:42,0
CARD-0002,MER-007,58.93,2023-01-02 10:03:11,0
CARD-0020,MER-017,34.00,2023-01-01 09:49:34,0
CARD-0014,MER-019,0.00,2023-01-01 16:59:27,0
CARD-0117,MER-005,145.85,2023-01-02 16:35:43,0
CARD-0019,MER-018,25.90,2023-01-02 20:15:54,0
CARD-0027,MER-011,1.98,2023-01-02 21:22:09,0
CARD-0019,MER-004,4.49,2023-01-01 21:32:18,0
CARD-0045,MER-045,9.99,2023-01-02 12:39:58,0
CARD-0018,MER-014,29.90,2023-01-01 02:02:21,0
CARD-0009,MER-004,19.95,2023-01-02 14:34:12,0
CARD-0017,MER-021,3.00,2023-01-01 18:45:08,0
CARD-0020,MER-025,25.00,2023-01-02 17:35:38,0
CARD-0010,MER-019,107.00,2023-01-01 12:36:43,0
CARD-0023,MER-003,9.99,2023-01-02 11:11:03,0
CARD-0025,MER-023,17.99,2023-01-02 07:22:37,0
CARD-0002,MER-009,23.00,2023-01-01 19:13:38,0
CARD-0043,MER-025,2.92,2023-01-01 02:13:23,0
CARD-0003,MER-012,50.89,2023-01-01 16:16:13,0
CARD-0005,MER-036,12.82,2023-01-02 13:09:22,0
CARD-0017,MER-010,43.00,2023-01-01 09:05:39,0
CARD-0030,MER-028,339.38,2023-01-02 12:30:28,0
CARD-0015,MER-008,20.90,2023-01-01 08:03:47,0
CARD-0034,MER-035,1198.55,2023-01-02 09:03:39,0
CARD-0008,MER-031,29.68,2023-01-01 17:21:48,0
CARD-0027,MER-015,18.99,2023-01-02 11:29:35,0
CARD-0029,MER-031,0.77,2023-01-01 20:01:02,0
CARD-0022,MER-042,1.00,2023-01-02 00:25:48,0
CARD-0012,MER-027,1.00,2023-01-02 16:34:33,0
CARD-0062,MER-020,78.00,2023-01-02 17:16:36,0
CARD-0006,MER-005,2.69,2023-01-02 21:52:11,0
CARD-0016,MER-014,5.35,2023-01-01 17:32:59,0
CARD-0008,MER-009,1.54,2023-01-01 15:04:08,0
CARD-0012,MER-005,12.41,2023-01-01 17:43:43,0
CARD-0003,MER-004,350.00,2023-01-01 10:08:51,0
CARD-0002,MER-013,2.69,2023-01-01 20:00:19,0
CARD-0025,MER-005,22.70,2023-01-02 13:01:54,0
CARD-0002,MER-001,0.05,2023-01-02 11:28:15,0
CARD-0002,MER-009,16.00,2023-01-01 21:32:49,0
CARD-0008,MER-005,4.00,2023-01-01 08:06:50,0
CARD-0022,MER-003,7.99,2023-01-02 17:40:11,0
CARD-0036,MER-023,1182.74,2023-01-02 12:25:41,0
CARD-0007,MER-029,11.50,2023-01-01 21:10:26,0
CARD-0021,MER-010,61.94,2023-01-02 22:33:09,0
CARD-0009,MER-017,617.10,2023-01-02 08:17:29,0
CARD-0001,MER-008,266.89,2023-01-01 11:43:34,0
CARD-0008,MER-005,74.00,2023-01-01 23:25:45,0
CARD-0042,MER-014,142.29,2023-01-02 09:20:12,0
CARD-0061,MER-001,179.96,2023-01-01 14:13:33,0
CARD-0016,MER-004,7.95,2023-01-01 09:18:57,0
CARD-0007,MER-027,16.99,2023-01-02 21:07:57,0
CARD-0020,MER-005,6.00,2023-01-01 19:59:27,0
CARD-0010,MER-008,305.58,2023-01-02 10:38:57,0
CARD-0006,MER-009,168.45,2023-01-01 16:49:27,0
CARD-0015,MER-011,48.63,2023-01-01 19:16:28,0
CARD-0005,MER-002,8.19,2023-01-01 12:26:44,0
CARD-0054,MER-028,20.00,2023-01-01 11:39:48,0
CARD-0008,MER-020,7.49,2023-01-02 11:38:25,0
CARD-0014,MER-017,0.00,2023-01-02 14:06:34,0
CARD-0013,MER-010,101.38,2023-01-01 01:16:11,0
CARD-0018,MER-012,19.47,2023-01-01 16:20:26,0
CARD-0020,MER-008,92.50,2023-01-01 20:58:58,0
CARD-0058,MER-017,629.64,2023-01-01 16:53:03,0
CARD-0026,MER-013,45.61,2023-01-02 13:42:16,0
CARD-0001,MER-019,20.00,2023-01-01 23:14:52,0
CARD-0021,MER-021,45.00,2023-01-02 11:03:40,0
CARD-0026,MER-012,1.29,2023-01-02 07:45:07,0
CARD-0006,MER-002,3.84,2023-01-01 10:59:18,0
CARD-0018,MER-020,132.56,2023-01-02 13:45:04,0
CARD-0004,MER-018,29.90,2023-01-01 21:14:40,0
CARD-0025,MER-020,8.91,2023-01-02 13:52:49,0
CARD-0002,MER-045,11.38,2023-01-02 18:21:13,0
CARD-0023,MER-002,15.95,2023-01-02 03:03:29,0
CARD-0027,MER-031,11.00,2023-01-02 10:44:02,0
CARD-0150,MER-040,3383.28,2023-01-01 23:00:13,0
CARD-0008,MER-005,230.82,2023-01-02 17:46:25,0
CARD-0008,MER-002,7.18,2023-01-02 14:24:48,0
CARD-0029,MER-024,10.25,2023-01-02 20:13:10,0
CARD-0008,MER-005,1.29,2023-01-01 13:46:30,0
CARD-0010,MER-013,0.99,2023-01-02 05:22:14,0
CARD-0014,MER-005,72.60,2023-01-01 11:20:07,0
CARD-0003,MER-007,441.00,2023-01-02 09:39:14,0
CARD-0017,MER-003,0.77,2023-01-01 09:03:32,0
CARD-0014,MER-015,108.72,2023-01-02 11:43:37,0
CARD-0003,MER-027,11.27,2023-01-02 05:55:15,0
CARD-0013,MER-010,1.42,2023-01-01 08:24:51,0
CARD-0012,MER-005,86.95,2023-01-01 09:00:52,0
CARD-0022,MER-005,11.98,2023-01-02 12:00:10,0
CARD-0018,MER-004,7.98,2023-01-01 12:43:36,0
CARD-0020,MER-012,14.66,2023-01-02 12:17:38,0
CARD-0012,MER-035,5.85,2023-01-01 15:29:40,0
CARD-0005,MER-007,9.99,2023-01-02 15:44:33,0
CARD-0013,MER-018,39.99,2023-01-01 16:08:17,0
CARD-0014,MER-022,54.77,2023-01-01 12:33:31,0
CARD-0041,MER-005,84.19,2023-01-02 18:22:18,0
CARD-0005,MER-008,35.00,2023-01-02 18:43:17,0
CARD-0028,MER-018,1.00,2023-01-02 07:33:48,0
CARD-0003,MER-003,162.81,2023-01-02 09:46:32,0
CARD-0025,MER-019,39.95,2023-01-02 13:56:24,0
CARD-0028,MER-019,0.99,2023-01-02 10:35:12,0
CARD-0011,MER-025,75.00,2023-01-01 14:58:40,0
CARD-0027,MER-018,8.99,2023-01-02 17:13:36,0
CARD-0016,MER-008,1.00,2023-01-02 04:04:34,0
CARD-0154,MER-031,166.25,2023-01-02 15:22:48,0
CARD-0018,MER-011,15.00,2023-01-01 17:29:04,0
CARD-0008,MER-003,3.79,2023-01-01 17:22:09,0
CARD-0010,MER-014,138.59,2023-01-01 13:26:40,0
CARD-0017,MER-008,0.89,2023-01-01 17:33:33,0
CARD-0020,MER-019,18.39,2023-01-02 14:26:24,0
CARD-0026,MER-011,12.31,2023-01-02 13:05:41,0
CARD-0029,MER-016,28.56,2023-01-02 17:01:36,0
CARD-0028,MER-017,1.98,2023-01-02 17:31:28,0
CARD-0024,MER-013,77.68,2023-01-02 20:59:23,0
CARD-0015,MER-001,9.61,2023-01-02 23:46:36,0
CARD-0037,MER-034,3.59,2023-01-02 21:10:14,0
CARD-0011,MER-028,68.45,2023-01-01 14:34:11,0
CARD-0016,MER-002,7.95,2023-01-01 09:18:42,0
CARD-0006,MER-016,25.04,2023-01-02 10:41:59,0
CARD-0004,MER-018,19.09,2023-01-01 12:46:52,0
CARD-0029,MER-027,3.59,2023-01-01 09:54:43,0
CARD-0014,MER-016,57.01,2023-01-01 19:25:50,0
CARD-0026,MER-012,12.85,2023-01-02 10:49:13,0
CARD-0011,MER-002,116.47,2023-01-01 16:40:02,0
CARD-0002,MER-020,56.09,2023-01-02 21:24:37,0
CARD-0027,MER-033,43.11,2023-01-01 19:08:58,0
CARD-0014,MER-020,10.00,2023-01-02 12:55:43,0
CARD-0004,MER-026,23.39,2023-01-01 18:33:41,0
CARD-0001,MER-003,0.89,2023-01-01 13:41:38,0
CARD-0036,MER-008,774.82,2023-01-01 09:19:23,0
CARD-0008,MER-011,137.25,2023-01-01 16:15:57,0
CARD-0024,MER-026,14.84,2023-01-02 17:06:23,0
CARD-0140,MER-064,35.00,2023-01-01 17:10:48,0
CARD-0061,MER-054,8.95,2023-01-01 22:46:31,0
CARD-0015,MER-013,20.47,2023-01-02 18:23:28,0
CARD-0003,MER-020,198.44,2023-01-02 17:14:14,0
CARD-0024,MER-001,6.00,2023-01-02 00:54:46,0
CARD-0004,MER-002,379.00,2023-01-02 20:17:35,0
CARD-0041,MER-024,1280.00,2023-01-02 16:11:45,0
CARD-0015,MER-016,11.50,2023-01-01 13:55:53,0
CARD-0016,MER-016,100.00,2023-01-02 12:01:11,0
CARD-0026,MER-022,9.99,2023-01-01 19:06:12,0
CARD-0010,MER-006,54.49,2023-01-01 14:00:46,0
CARD-0018,MER-001,140.00,2023-01-02 21:36:10,0
CARD-0002,MER-013,1.50,2023-01-01 10:36:13,0
CARD-0025,MER-001,11.27,2023-01-02 06:09:08,0
CARD-0018,MER-009,0.89,2023-01-01 23:04:08,0
CARD-0015,MER-004,49.99,2023-01-01 13:16:56,0
CARD-0003,MER-019,8.00,2023-01-01 09:44:02,0
CARD-0023,MER-046,63.00,2023-01-02 14:57:55,0
CARD-0022,MER-005,45.00,2023-01-02 12:22:37,0
CARD-0015,MER-004,86.76,2023-01-01 08:49:05,0
CARD-0015,MER-009,67.94,2023-01-01 11:40:40,0
CARD-0032,MER-030,0.76,2023-01-02 22:52:53,0
CARD-0008,MER-013,2.19,2023-01-02 11:37:40,0
CARD-0012,MER-018,57.01,2023-01-01 14:14:21,0
CARD-0003,MER-014,3.96,2023-01-01 17:36:33,0
CARD-0005,MER-012,11.98,2023-01-01 14:51:43,0
CARD-0017,MER-024,4.40,2023-01-02 10:31:11,0
CARD-0006,MER-001,34.50,2023-01-01 14:30:48,0
CARD-0002,MER-010,0.63,2023-01-01 23:56:06,0
CARD-0012,MER-002,24.99,2023-01-01 20:27:22,0
CARD-0002,MER-018,89.25,2023-01-01 22:28:34,0
CARD-0017,MER-008,22.00,2023-01-01 08:20:38,0
CARD-0017,MER-005,3.99,2023-01-01 09:04:44,0
CARD-0017,MER-010,25.00,2023-01-01 11:45:20,0
CARD-0009,MER-016,1.00,2023-01-01 16:59:24,0
CARD-0016,MER-012,0.89,2023-01-01 23:24:49,0
CARD-0001,MER-009,39.32,2023-01-02 09:56:34,0
CARD-0014,MER-027,32.00,2023-01-01 09:51:14,0
CARD-0009,MER-002,80.00,2023-01-01 21:59:40,0
CARD-0009,MER-001,15.00,2023-01-02 06:50:59,0
CARD-0017,MER-008,27.90,2023-01-01 15:52:15,0
CARD-0018,MER-022,50.50,2023-01-02 21:03:19,0
CARD-0014,MER-011,530.96,2023-01-01 13:16:42,0
CARD-0023,MER-004,6.42,2023-01-02 14:57:05,0
CARD-0015,MER-002,89.99,2023-01-01 16:11:42,0
CARD-0010,MER-005,121.20,2023-01-02 12:59:42,0
CARD-0019,MER-008,0.69,2023-01-01 19:29:10,0
CARD-0024,MER-019,32.08,2023-01-02 10:11:22,0
CARD-0006,MER-006,5.09,2023-01-02 14:25:39,0
CARD-0017,MER-012,90.05,2023-01-02 11:42:25,0
CARD-0014,MER-011,42.74,2023-01-01 10:39:29,0
CARD-0003,MER-010,29.95,2023-01-02 18:10:04,0
CARD-0005,MER-008,28.17,2023-01-02 22:59:35,0
CARD-0003,MER-015,1.29,2023-01-01 17:05:24,0
CARD-0023,MER-020,18.30,2023-01-02 13:35:41,0
CARD-0031,MER-003,320.00,2023-01-01 06:13:51,0
CARD-0005,MER-009,39.80,2023-01-02 16:49:32,0
CARD-0019,MER-002,50.00,2023-01-02 13:08:54,0
CARD-0029,MER-022,3.85,2023-01-02 07:34:01,0
CARD-0013,MER-005,58.86,2023-01-01 10:43:37,0
CARD-0014,MER-005,35.00,2023-01-01 15:35:37,0
CARD-0001,MER-018,19.04,2023-01-01 11:22:31,0
CARD-0012,MER-010,11.96,2023-01-01 17:13:14,0
CARD-0013,MER-006,1.18,2023-01-02 21:35:14,0
CARD-0020,MER-023,10.00,2023-01-02 00:39:58,0
CARD-0033,MER-031,1.00,2023-01-02 16:59:03,0
CARD-0015,MER-007,53.50,2023-01-01 14:51:59,0
CARD-0011,MER-008,30.00,2023-01-01 13:41:11,0
CARD-0012,MER-002,24.99,2023-01-01 11:30:10,0
CARD-0013,MER-002,214.25,2023-01-01 10:47:05,0
CARD-0015,MER-021,265.16,2023-01-02 10:12:56,0
CARD-0010,MER-010,54.00,2023-01-01 17:50:14,0
CARD-0023,MER-022,168.37,2023-01-01 11:34:21,0
CARD-0006,MER-021,17.99,2023-01-01 11:47:24,0
CARD-0017,MER-009,6.28,2023-01-01 22:51:57,0
CARD-0001,MER-019,8.59,2023-01-01 15:11:00,0
CARD-0001,MER-023,11.45,2023-01-01 00:22:33,0
CARD-0009,MER-008,115.45,2023-01-02 08:30:17,0
CARD-0016,MER-017,48.31,2023-01-02 19:21:15,0
CARD-0008,MER-013,211.38,2023-01-02 08:08:34,0
CARD-0016,MER-010,4.99,2023-01-01 14:37:14,0
CARD-0009,MER-011,19.13,2023-01-01 10:01:48,0
CARD-0013,MER-008,35.50,2023-01-01 17:57:34,0
CARD-0016,MER-029,11.27,2023-01-02 05:48:24,0
CARD-0014,MER-023,109.00,2023-01-02 23:35:13,0
CARD-0003,MER-006,11.48,2023-01-02 19:13:53,0
CARD-0024,MER-024,59.90,2023-01-02 14:14:22,0
CARD-0003,MER-014,1.78,2023-01-01 17:31:15,0
CARD-0015,MER-011,0.01,2023-01-01 20:23:39,0
CARD-0015,MER-017,278.97,2023-01-02 21:07:11,0
CARD-0007,MER-010,37.74,2023-01-02 11:29:16,0
CARD-0017,MER-001,537.20,2023-01-01 22:52:25,0
CARD-0003,MER-010,1.78,2023-01-01 13:19:45,0
CARD-0027,MER-013,1.00,2023-01-02 19:19:23,0
CARD-0015,MER-005,18.39,2023-01-02 22:06:44,0
CARD-0001,MER-003,10.00,2023-01-01 23:07:52,0
CARD-0008,MER-032,0.00,2023-01-02 15:46:44,0
CARD-0023,MER-004,347.05,2023-01-02 07:50:31,0
CARD-0019,MER-018,0.76,2023-01-01 23:15:12,0
CARD-0027,MER-017,1.98,2023-01-02 08:06:20,0
CARD-0038,MER-012,136.00,2023-01-01 09:36:07,0
CARD-0042,MER-023,347.96,2023-01-01 15:46:45,0
CARD-0016,MER-005,185.54,2023-01-02 15:35:43,0
CARD-0022,MER-026,15.00,2023-01-02 16:58:21,0
CARD-0004,MER-019,79.00,2023-01-01 21:06:14,0
CARD-0004,MER-031,41.70,2023-01-01 19:28:36,0
CARD-0001,MER-007,13.99,2023-01-01 14:24:24,0
CARD-0016,MER-006,102.90,2023-01-01 17:36:20,0
CARD-0010,MER-012,113.34,2023-01-01 12:54:24,0
CARD-0015,MER-013,9.99,2023-01-01 07:33:19,0
CARD-0009,MER-009,2.69,2023-01-02 09:26:29,0
CARD-0127,MER-016,149.60,2023-01-02 10:52:17,0
CARD-0016,MER-001,72.80,2023-01-02 20:02:19,0
CARD-0005,MER-003,225.00,2023-01-02 09:27:33,0
CARD-0018,MER-011,9.98,2023-01-01 23:59:23,0
CARD-0016,MER-018,0.68,2023-01-01 01:16:09,0
CARD-0001,MER-010,15.00,2023-01-01 11:42:01,0
CARD-0034,MER-034,63.74,2023-01-01 08:50:51,0
CARD-0002,MER-036,22.78,2023-01-01 12:21:45,0
CARD-0003,MER-005,211.00,2023-01-01 13:19:23,0
CARD-0002,MER-009,19.95,2023-01-02 09:51:23,0
CARD-0001,MER-015,19.52,2023-01-01 09:49:24,0
CARD-0015,MER-008,61.47,2023-01-01 08:22:44,0
CARD-0013,MER-035,135.34,2023-01-02 16:22:15,0
CARD-0026,MER-013,1.29,2023-01-02 17:52:38,0
CARD-0020,MER-020,44.00,2023-01-02 22:06:25,0
CARD-0002,MER-007,20.00,2023-01-02 22:40:41,0
CARD-0020,MER-002,45.85,2023-01-01 16:52:50,0
CARD-0001,MER-018,68.53,2023-01-01 03:04:55,0
CARD-0030,MER-022,915.00,2023-01-01 22:20:26,0
CARD-0003,MER-013,41.83,2023-01-01 11:30:23,0
CARD-0013,MER-005,64.96,2023-01-01 18:20:41,0
CARD-0033,MER-012,1039.89,2023-01-01 16:39:30,0
CARD-0008,MER-004,98.00,2023-01-01 11:25:47,0
CARD-0018,MER-010,90.00,2023-01-02 09:39:18,0
CARD-0061,MER-027,23.22,2023-01-02 15:51:09,0
CARD-0003,MER-007,9.64,2023-01-01 19:37:35,0
CARD-0019,MER-019,127.48,2023-01-01 09:45:29,0
CARD-0003,MER-022,4.04,2023-01-02 17:29:05,0
CARD-0011,MER-006,48.00,2023-01-02 16:01:26,0
CARD-0018,MER-003,19.00,2023-01-01 18:26:53,0
CARD-0006,MER-013,47.58,2023-01-01 09:27:16,0
CARD-0002,MER-011,320.00,2023-01-01 16:21:42,0
CARD-0004,MER-035,4.72,2023-01-02 00:29:05,0
CARD-0012,MER-007,24.99,2023-01-01 08:00:04,0
CARD-0028,MER-027,1.90,2023-01-02 17:22:12,0
CARD-0002,MER-026,200.00,2023-01-01 15:47:37,0
CARD-0023,MER-028,25.00,2023-01-02 22:44:12,0
CARD-0026,MER-010,54.16,2023-01-02 07:33:56,0
CARD-0004,MER-024,157.81,2023-01-02 17:28:37,0
CARD-0013,MER-015,27.99,2023-01-01 16:43:57,0
CARD-0009,MER-010,9.86,2023-01-01 14:13:19,0
CARD-0010,MER-014,6.00,2023-01-02 12:43:49,0
CARD-0004,MER-016,0.89,2023-01-01 01:15:54,0
CARD-0009,MER-008,64.41,2023-01-01 15:01:51,0
CARD-0026,MER-016,108.00,2023-01-01 20:31:25,0
CARD-0005,MER-008,15.00,2023-01-02 18:48:34,0
CARD-0021,MER-024,867.90,2023-01-02 16:02:21,0
CARD-0003,MER-008,396.00,2023-01-01 17:06:20,0
CARD-0007,MER-016,1.79,2023-01-01 13:52:30,0
CARD-0008,MER-012,1.00,2023-01-01 18:44:02,0
CARD-0016,MER-008,5.36,2023-01-01 22:49:30,0
CARD-0010,MER-012,201.10,2023-01-01 09:34:42,0
CARD-0014,MER-036,11.41,2023-01-01 16:09:06,0
CARD-0016,MER-010,10.21,2023-01-01 09:14:57,0
CARD-0009,MER-026,146.50,2023-01-02 08:02:10,0
CARD-0002,MER-011,3.58,2023-01-01 21:22:42,0
CARD-0003,MER-012,10.00,2023-01-01 13:30:39,0
CARD-0030,MER-014,7.40,2023-01-02 19:30:32,0
CARD-0006,MER-003,3.99,2023-01-02 22:04:30,0
CARD-0003,MER-049,6.84,2023-01-01 11:36:00,0
CARD-0009,MER-009,158.00,2023-01-01 18:35:11,0
CARD-0003,MER-014,11.50,2023-01-02 20:13:49,0
CARD-0016,MER-017,9.99,2023-01-01 19:04:58,0
CARD-0017,MER-018,35.24,2023-01-02 20:10:11,0
CARD-0020,MER-011,76.60,2023-01-02 17:55:46,0
CARD-0005,MER-019,8.95,2023-01-01 23:13:57,0
CARD-0005,MER-001,27.01,2023-01-02 11:47:18,0
CARD-0003,MER-011,1.98,2023-01-01 21:12:47,0
CARD-0010,MER-010,1.00,2023-01-02 22:38:10,0
CARD-0017,MER-014,30.00,2023-01-02 13:50:33,0
CARD-0004,MER-009,50.00,2023-01-02 13:51:10,0
CARD-0006,MER-013,0.89,2023-01-02 22:29:22,0
CARD-0011,MER-007,130.24,2023-01-01 21:42:10,0
CARD-0006,MER-029,389.59,2023-01-01 14:42:45,0
CARD-0013,MER-039,125.05,2023-01-01 12:22:41,0
CARD-0021,MER-007,0.89,2023-01-01 21:35:56,0
CARD-0002,MER-020,4.49,2023-01-01 11:21:38,0
CARD-0011,MER-004,41.95,2023-01-01 19:08:13,0
CARD-0011,MER-002,1.00,2023-01-01 21:40:39,0
CARD-0002,MER-023,1.00,2023-01-02 11:22:27,0
CARD-0028,MER-013,1.29,2023-01-02 13:41:12,0
CARD-0027,MER-010,0.89,2023-01-02 13:05:26,0
CARD-0016,MER-020,11.85,2023-01-01 05:27:50,0
CARD-0005,MER-010,11.99,2023-01-02 23:58:29,0
CARD-0033,MER-029,0.76,2023-01-02 12:05:29,0
CARD-0029,MER-003,18.88,2023-01-02 07:14:10,0
CARD-0024,MER-024,23.66,2023-01-02 16:43:27,0
CARD-0028,MER-013,10.00,2023-01-02 03:16:11,0
CARD-0026,MER-012,8.99,2023-01-02 19:31:14,0
CARD-0004,MER-012,11.27,2023-01-02 06:01:58,0
CARD-0015,MER-011,44.00,2023-01-01 13:53:38,0
CARD-0004,MER-001,124.00,2023-01-02 16:01:53,0
CARD-0006,MER-023,303.62,2023-01-01 18:43:26,0
CARD-0028,MER-010,1.00,2023-01-02 13:55:25,0
CARD-0005,MER-030,17.34,2023-01-01 23:46:06,0
CARD-0020,MER-015,12.46,2023-01-01 15:53:22,0
CARD-0031,MER-055,1733.78,2023-01-02 13:28:04,0
CARD-0016,MER-035,151.16,2023-01-02 23:12:27,0
CARD-0014,MER-013,64.99,2023-01-01 02:29:59,0
CARD-0022,MER-009,19.95,2023-01-02 16:44:58,0
CARD-0035,MER-001,964.10,2023-01-01 11:10:21,0
CARD-0009,MER-011,6.45,2023-01-02 00:32:30,0
CARD-0010,MER-014,53.63,2023-01-02 22:54:09,0
CARD-0015,MER-002,41.26,2023-01-01 11:21:54,0
CARD-0010,MER-021,19.70,2023-01-01 20:12:14,0
CARD-0008,MER-040,108.20,2023-01-02 14:15:30,0
CARD-0001,MER-027,2.12,2023-01-02 05:00:27,0
CARD-0030,MER-011,3.00,2023-01-02 01:02:08,0
CARD-0025,MER-019,1.98,2023-01-02 20:57:01,0
CARD-0125,MER-022,1.00,2023-01-01 13:34:09,0
CARD-0004,MER-011,22.98,2023-01-02 07:52:25,0
CARD-0014,MER-017,77.80,2023-01-02 07:40:39,0
CARD-0001,MER-018,4.99,2023-01-01 19:59:22,0
CARD-0001,MER-015,1.98,2023-01-01 21:23:13,0
CARD-0016,MER-008,6.99,2023-01-01 09:00:31,0
CARD-0011,MER-001,152.45,2023-01-01 23:13:59,0
CARD-0013,MER-028,95.71,2023-01-01 18:03:23,0
CARD-0014,MER-007,33.35,2023-01-01 11:29:35,0
CARD-0003,MER-023,1.29,2023-01-01 11:40:33,0
CARD-0028,MER-012,1.00,2023-01-02 22:44:55,0
CARD-0025,MER-011,1.98,2023-01-02 17:10:29,0
CARD-0036,MER-008,8.99,2023-01-02 08:09:48,0
CARD-0019,MER-013,4.49,2023-01-01 17:46:15,0
CARD-0010,MER-024,57.08,2023-01-01 12:12:39,0
CARD-0007,MER-018,1.79,2023-01-01 11:17:07,0
CARD-0021,MER-028,699.00,2023-01-01 10:31:24,0
CARD-0026,MER-028,29.90,2023-01-02 15:34:46,0
CARD-0027,MER-013,4.90,2023-01-02 02:46:46,0
CARD-0002,MER-033,7.60,2023-01-01 09:16:13,0
CARD-0021,MER-015,53.83,2023-01-02 19:21:09,0
CARD-0016,MER-008,15.00,2023-01-01 18:20:39,0
CARD-0003,MER-005,102.75,2023-01-01 11:50:59,0
CARD-0019,MER-017,1.98,2023-01-02 01:01:29,0
CARD-0009,MER-013,5.00,2023-01-01 00:24:34,0
CARD-0017,MER-020,7.00,2023-01-02 11:47:43,0
CARD-0020,MER-004,242.10,2023-01-02 23:12:09,0
CARD-0007,MER-005,8.99,2023-01-02 20:25:58,0
CARD-0001,MER-017,80.08,2023-01-01 09:13:29,0
CARD-0010,MER-006,20.00,2023-01-02 11:37:25,0
CARD-0011,MER-001,7.68,2023-01-01 22:19:25,0
CARD-0024,MER-005,0.77,2023-01-01 01:31:32,0
CARD-0025,MER-011,639.00,2023-01-02 16:18:06,0
CARD-0002,MER-004,26.17,2023-01-02 15:26:45,0
CARD-0011,MER-006,50.00,2023-01-01 10:15:21,0
CARD-0017,MER-012,11.75,2023-01-01 18:07:29,0
CARD-0023,MER-004,15.95,2023-01-02 03:03:04,0
CARD-0001,MER-007,20.63,2023-01-01 12:52:25,0
CARD-0019,MER-002,8.98,2023-01-01 17:44:15,0
CARD-0001,MER-008,19.70,2023-01-02 12:11:34,0
CARD-0011,MER-010,1.00,2023-01-02 11:59:11,0
CARD-0018,MER-030,2.99,2023-01-02 18:31:10,0
CARD-0007,MER-002,4.49,2023-01-02 01:15:30,0
CARD-0007,MER-009,31.99,2023-01-01 20:14:44,0
CARD-0009,MER-015,171.32,2023-01-01 18:22:31,0
CARD-0011,MER-002,50.00,2023-01-01 07:17:36,0
CARD-0026,MER-021,6.06,2023-01-02 13:32:36,0
CARD-0005,MER-004,99.99,2023-01-01 12:04:32,0
CARD-0002,MER-007,265.25,2023-01-02 02:26:03,0
CARD-0008,MER-026,7.57,2023-01-01 23:07:03,0
CARD-0009,MER-023,180.18,2023-01-01 01:47:35,0
CARD-0025,MER-019,49.96,2023-01-02 12:57:18,0
CARD-0005,MER-017,9.99,2023-01-02 21:01:12,0
CARD-0014,MER-011,41.59,2023-01-01 10:23:16,0
CARD-0024,MER-010,1.00,2023-01-01 07:19:00,0
CARD-0016,MER-005,4.99,2023-01-01 20:06:43,0
CARD-0006,MER-026,4.57,2023-01-02 11:20:16,0
CARD-0001,MER-019,42.00,2023-01-02 17:46:42,0
CARD-0031,MER-021,1.00,2023-01-02 10:09:40,0
CARD-0002,MER-011,11.80,2023-01-01 20:28:14,0
CARD-0017,MER-005,17.00,2023-01-01 16:23:11,0
CARD-0002,MER-021,2.00,2023-01-02 10:14:38,0
CARD-0011,MER-001,30.04,2023-01-02 19:08:19,0
CARD-0004,MER-018,22.72,2023-01-02 07:52:18,0
CARD-0030,MER-023,0.00,2023-01-02 17:29:30,0
CARD-0004,MER-016,8.00,2023-01-02 19:30:05,0
CARD-0017,MER-016,8.00,2023-01-01 19:09:27,0
CARD-0025,MER-015,83.80,2023-01-02 01:07:46,0
CARD-0004,MER-001,16.30,2023-01-02 09:43:42,0
CARD-0028,MER-018,16.06,2023-01-02 14:35:27,0
CARD-0027,MER-013,8.49,2023-01-02 17:16:53,0
CARD-0017,MER-003,34.95,2023-01-01 18:39:42,0
CARD-0016,MER-039,0.77,2023-01-02 08:52:44,0
CARD-0020,MER-018,79.00,2023-01-02 18:30:35,0
CARD-0001,MER-013,44.50,2023-01-02 09:50:38,0
CARD-0022,MER-015,1.00,2023-01-01 21:55:51,0
CARD-0003,MER-039,16.25,2023-01-02 12:11:20,0
CARD-0021,MER-013,3.21,2023-01-01 08:14:13,0
CARD-0026,MER-027,9.00,2023-01-02 13:05:16,0
CARD-0016,MER-015,9.99,2023-01-01 17:21:03,0
CARD-0011,MER-006,140.00,2023-01-01 10:10:11,0
CARD-0016,MER-008,15.95,2023-01-01 03:04:32,0
CARD-0017,MER-021,237.80,2023-01-02 16:32:42,0
CARD-0006,MER-016,220.00,2023-01-01 18:44:53,0
CARD-0018,MER-027,80.95,2023-01-02 20:21:01,0
CARD-0006,MER-014,35.00,2023-01-01 23:47:58,0
CARD-0029,MER-014,45.28,2023-01-02 08:04:47,0
CARD-0009,MER-022,0.00,2023-01-01 17:11:07,0
CARD-0018,MER-053,37.92,2023-01-01 07:39:11,0
CARD-0005,MER-010,9.90,2023-01-02 17:22:59,0
CARD-0026,MER-010,14.32,2023-01-02 12:10:38,0
CARD-0006,MER-001,5.37,2023-01-02 16:41:19,0
CARD-0008,MER-002,5.00,2023-01-01 09:36:20,0
CARD-0019,MER-009,54.95,2023-01-02 20:43:56,0
CARD-0012,MER-001,1.00,2023-01-01 22:01:20,0
CARD-0017,MER-026,100.00,2023-01-02 19:32:50,0
CARD-0018,MER-009,1.29,2023-01-01 21:03:50,0
CARD-0009,MER-011,64.00,2023-01-01 06:30:10,0
CARD-0011,MER-002,10.40,2023-01-02 20:43:55,0
CARD-0006,MER-007,74.50,2023-01-02 21:53:34,0
CARD-0013,MER-009,37.00,2023-01-01 17:44:10,0
CARD-0018,MER-013,1.00,2023-01-01 00:25:31,0
CARD-0001,MER-006,19.99,2023-01-02 17:03:39,0
CARD-0017,MER-010,3.93,2023-01-01 08:49:29,0
CARD-0017,MER-034,331.71,2023-01-02 11:00:19,0
CARD-0007,MER-020,3.94,2023-01-01 19:53:38,0
CARD-0025,MER-057,699.36,2023-01-02 21:52:33,0
CARD-0018,MER-008,13.95,2023-01-01 17:07:03,0
CARD-0023,MER-021,15.00,2023-01-02 19:09:19,0
CARD-0005,MER-026,9.71,2023-01-01 01:50:53,0
CARD-0002,MER-040,26.59,2023-01-01 14:12:38,0
CARD-0036,MER-002,25.00,2023-01-01 14:36:45,0
CARD-0019,MER-002,1.00,2023-01-01 09:16:37,0
CARD-0038,MER-008,1.00,2023-01-01 18:52:36,0
CARD-0006,MER-011,34.00,2023-01-02 18:49:47,0
CARD-0015,MER-029,13.99,2023-01-01 00:25:48,0
CARD-0001,MER-001,0.89,2023-01-01 14:14:24,0
CARD-0013,MER-013,1.79,2023-01-01 23:10:56,0
CARD-0026,MER-023,5.00,2023-01-02 00:25:52,0
CARD-0028,MER-026,22.34,2023-01-02 09:19:21,0
CARD-0027,MER-020,1.00,2023-01-02 09:50:13,0
CARD-0002,MER-021,6.35,2023-01-01 16:49:54,0
CARD-0023,MER-020,0.89,2023-01-01 21:25:49,0
CARD-0037,MER-009,212.00,2023-01-01 11:09:15,0
CARD-0013,MER-003,60.37,2023-01-01 13:43:11,0
CARD-0028,MER-016,6.43,2023-01-02 16:21:59,0
CARD-0011,MER-012,26.90,2023-01-02 17:39:24,0
CARD-0007,MER-006,1.98,2023-01-02 18:07:15,0
CARD-0015,MER-021,50.00,2023-01-01 19:53:57,0
CARD-0005,MER-015,239.00,2023-01-02 12:16:05,0
CARD-0018,MER-010,8.99,2023-01-01 14:45:19,0
CARD-0008,MER-011,38.99,2023-01-01 09:36:58,0
CARD-0007,MER-010,1.23,2023-01-01 03:36:57,0
CARD-0029,MER-006,493.43,2023-01-02 16:20:19,0
CARD-0004,MER-014,3.59,2023-01-01 14:22:39,0
CARD-0026,MER-013,15.14,2023-01-02 09:56:13,0
CARD-0028,MER-013,1.98,2023-01-02 14:54:45,0
CARD-0025,MER-013,19.00,2023-01-02 02:52:55,0
CARD-0010,MER-003,2.65,2023-01-01 22:15:10,0
CARD-0012,MER-001,1.30,2023-01-02 05:13:21,0
CARD-0005,MER-014,1.50,2023-01-02 23:20:00,0
CARD-0007,MER-009,2.58,2023-01-02 20:41:12,0
CARD-0014,MER-021,99.00,2023-01-02 00:41:50,0
CARD-0013,MER-004,11.85,2023-01-01 06:09:34,0
CARD-0007,MER-001,1.98,2023-01-02 09:34:12,0
CARD-0009,MER-028,11.50,2023-01-01 09:15:27,0
CARD-0005,MER-012,17.99,2023-01-02 19:01:22,0
CARD-0008,MER-009,82.00,2023-01-02 12:47:42,0
CARD-0017,MER-012,22.00,2023-01-01 10:17:21,0
CARD-0025,MER-012,62.34,2023-01-01 00:26:20,0
CARD-0009,MER-010,91.55,2023-01-01 13:14:15,0
CARD-0021,MER-017,29.99,2023-01-02 13:36:33,0
CARD-0023,MER-020,29.95,2023-01-02 14:13:47,0
CARD-0001,MER-029,302.65,2023-01-01 22:00:40,0
CARD-0028,MER-016,1.98,2023-01-02 09:07:15,0
CARD-0007,MER-023,207.65,2023-01-02 10:06:32,0
CARD-0008,MER-006,3.69,2023-01-01 09:05:50,0
CARD-0014,MER-004,3.79,2023-01-01 16:37:25,0
CARD-0018,MER-006,12.31,2023-01-01 22:25:02,0
CARD-0018,MER-005,8.98,2023-01-01 07:00:44,0
CARD-0018,MER-008,39.99,2023-01-01 21:36:20,0
CARD-0035,MER-015,145.51,2023-01-01 12:20:49,0
CARD-0001,MER-030,4.75,2023-01-02 23:54:08,0
CARD-0006,MER-005,8.92,2023-01-02 22:52:52,0
CARD-0007,MER-036,109.28,2023-01-01 05:35:03,0
CARD-0024,MER-010,59.95,2023-01-02 11:41:19,0
CARD-0005,MER-008,179.52,2023-01-01 10:04:37,0
CARD-0006,MER-017,1.53,2023-01-01 10:06:06,0
CARD-0009,MER-020,300.00,2023-01-02 10:09:24,0
CARD-0007,MER-001,137.15,2023-01-01 20:02:44,0
CARD-0023,MER-003,35.40,2023-01-02 17:55:50,0
CARD-0011,MER-008,60.00,2023-01-01 20:28:37,0
CARD-0025,MER-023,14.07,2023-01-02 21:44:54,0
CARD-0031,MER-022,55.19,2023-01-02 11:04:19,0
CARD-0027,MER-015,9.95,2023-01-02 15:30:52,0
CARD-0009,MER-045,68.09,2023-01-01 17:24:59,0
CARD-0014,MER-008,25.00,2023-01-01 16:09:18,0
CARD-0001,MER-033,3.80,2023-01-01 20:39:06,0
CARD-0018,MER-004,1.98,2023-01-01 22:42:11,0
CARD-0014,MER-009,145.98,2023-01-02 12:25:01,0
CARD-0015,MER-028,16.57,2023-01-01 09:15:14,0
CARD-0005,MER-003,111.89,2023-01-01 13:54:12,0
CARD-0018,MER-007,49.99,2023-01-01 10:58:35,0
CARD-0013,MER-002,650.02,2023-01-01 23:04:24,0
CARD-0016,MER-012,9.72,2023-01-01 21:21:22,0
CARD-0023,MER-015,75.46,2023-01-01 11:28:34,0
CARD-0028,MER-014,7.70,2023-01-02 01:07:34,0
CARD-0012,MER-021,21.99,2023-01-01 18:51:17,0
CARD-0019,MER-001,10.28,2023-01-02 17:17:49,0
CARD-0001,MER-001,0.43,2023-01-02 15:02:57,0
CARD-0005,MER-016,169.50,2023-01-01 14:01:00,0
CARD-0019,MER-006,1.98,2023-01-01 20:10:30,0
CARD-0030,MER-001,283.05,2023-01-02 23:23:36,0
CARD-0003,MER-010,9.23,2023-01-01 20:04:43,0
CARD-0007,MER-015,121.06,2023-01-01 11:52:15,0
CARD-0042,MER-017,182.13,2023-01-02 06:24:59,0
CARD-0006,MER-006,5.90,2023-01-02 18:02:40,0
CARD-0006,MER-001,49.99,2023-01-01 20:28:52,0
CARD-0041,MER-029,8.99,2023-01-01 20:35:32,0
CARD-0013,MER-004,53.85,2023-01-01 16:57:47,0
CARD-0013,MER-021,195.00,2023-01-02 09:01:19,0
CARD-0044,MER-013,128.64,2023-01-01 14:16:42,0
CARD-0014,MER-009,60.00,2023-01-02 15:14:35,0
CARD-0010,MER-006,1.00,2023-01-01 21:59:42,0
CARD-0007,MER-028,125.77,2023-01-02 13:24:48,0
CARD-0012,MER-010,148.03,2023-01-01 17:20:06,0
CARD-0013,MER-020,0.49,2023-01-01 13:10:34,0
CARD-0017,MER-018,60.84,2023-01-02 13:54:08,0
CARD-0004,MER-049,65.83,2023-01-02 10:08:40,0
CARD-0018,MER-010,1.98,2023-01-01 21:29:37,0
CARD-0090,MER-003,150.00,2023-01-02 11:02:03,0
CARD-0013,MER-015,46.37,2023-01-01 13:21:07,0
CARD-0017,MER-020,20.54,2023-01-01 19:27:51,0
CARD-0016,MER-017,9.99,2023-01-01 15:17:28,0
CARD-0025,MER-020,160.00,2023-01-01 10:49:59,0
CARD-0075,MER-066,5239.50,2023-01-01 08:13:21,0
CARD-0016,MER-012,1.00,2023-01-01 20:19:45,0
CARD-0022,MER-026,54.51,2023-01-02 23:44:04,0
CARD-0012,MER-032,12.00,2023-01-01 13:28:28,0
CARD-0045,MER-040,44.70,2023-01-02 15:50:42,0
CARD-0009,MER-001,96.12,2023-01-01 03:26:50,0
CARD-0025,MER-028,1.00,2023-01-02 11:19:40,0
CARD-0011,MER-017,52.00,2023-01-01 16:23:21,0
CARD-0016,MER-010,28.00,2023-01-01 17:23:57,0
CARD-0009,MER-006,11.68,2023-01-01 09:18:36,0
CARD-0053,MER-020,1.79,2023-01-01 17:58:22,0
CARD-0003,MER-018,1.79,2023-01-01 22:30:58,0
CARD-0026,MER-013,1.99,2023-01-01 00:27:12,0
CARD-0001,MER-021,90.00,2023-01-02 16:58:03,0
CARD-0022,MER-004,14.99,2023-01-02 21:47:12,0
CARD-0003,MER-013,78.20,2023-01-01 15:23:51,0
CARD-0019,MER-017,1.00,2023-01-01 18:44:40,0
CARD-0018,MER-004,1.98,2023-01-01 17:31:26,0
CARD-0015,MER-008,766.00,2023-01-02 10:28:59,0
CARD-0071,MER-025,2031.02,2023-01-02 16:35:40,0
CARD-0017,MER-034,86.87,2023-01-01 15:32:10,0
CARD-0020,MER-013,15.10,2023-01-02 15:31:21,0
CARD-0005,MER-006,0.89,2023-01-02 18:38:49,0
CARD-0020,MER-002,50.00,2023-01-02 14:02:15,0
CARD-0005,MER-002,7.18,2023-01-02 19:34:56,0
CARD-0003,MER-009,199.95,2023-01-02 13:17:53,0
CARD-0010,MER-020,10.00,2023-01-01 19:20:59,0
CARD-0131,MER-040,930.39,2023-01-02 16:54:19,0
CARD-0003,MER-025,2.99,2023-01-01 13:00:19,0
CARD-0002,MER-005,219.97,2023-01-01 17:34:23,0
CARD-0028,MER-015,1.00,2023-01-02 12:37:01,0
CARD-0014,MER-007,14.99,2023-01-01 09:23:43,0
CARD-0008,MER-010,68.87,2023-01-02 17:58:45,0
CARD-0027,MER-009,449.85,2023-01-01 22:14:28,0
CARD-0025,MER-011,2.49,2023-01-01 21:48:31,0
CARD-0003,MER-020,27.72,2023-01-02 18:23:29,0
CARD-0013,MER-013,130.00,2023-01-01 11:19:12,0
CARD-0003,MER-026,11.27,2023-01-02 05:25:27,0
CARD-0006,MER-025,25.80,2023-01-02 12:38:41,0
CARD-0001,MER-023,19.99,2023-01-01 03:56:41,0
CARD-0016,MER-018,28.00,2023-01-01 18:22:04,0
CARD-0012,MER-006,22.79,2023-01-01 18:55:10,0
CARD-0006,MER-008,15.00,2023-01-02 13:04:49,0
CARD-0019,MER-001,0.76,2023-01-01 21:41:04,0
CARD-0007,MER-005,12.05,2023-01-02 11:20:51,0
CARD-0028,MER-024,10.09,2023-01-02 18:16:30,0
CARD-0015,MER-001,3.49,2023-01-01 09:16:31,0
CARD-0016,MER-006,103.00,2023-01-01 17:07:08,0
CARD-0007,MER-008,0.89,2023-01-02 13:40:23,0
CARD-0007,MER-002,2.67,2023-01-02 08:37:20,0
CARD-0024,MER-012,19.18,2023-01-02 21:53:28,0
CARD-0015,MER-001,47.91,2023-01-01 23:17:00,0
CARD-0008,MER-026,10.98,2023-01-02 12:49:58,0
CARD-0011,MER-015,46.93,2023-01-01 13:49:04,0
CARD-0007,MER-027,30.00,2023-01-01 15:52:18,0
CARD-0011,MER-011,1.29,2023-01-01 21:29:05,0
CARD-0004,MER-004,66.53,2023-01-02 13:56:20,0
CARD-0001,MER-031,9.99,2023-01-01 23:52:27,0
CARD-0001,MER-018,2.68,2023-01-01 00:27:55,0
CARD-0024,MER-021,12.00,2023-01-02 19:43:25,0
CARD-0028,MER-017,8.99,2023-01-02 18:54:09,0
CARD-0016,MER-002,12.99,2023-01-01 18:48:07,0
CARD-0002,MER-017,111.99,2023-01-01 09:49:13,0
CARD-0025,MER-013,0.99,2023-01-02 11:58:29,0
CARD-0016,MER-005,34.99,2023-01-01 11:56:16,0
CARD-0020,MER-028,75.41,2023-01-02 14:38:06,0
CARD-0008,MER-029,0.77,2023-01-02 18:34:30,0
CARD-0012,MER-033,290.16,2023-01-02 15:30:07,0
CARD-0001,MER-009,3.92,2023-01-02 22:14:44,0
CARD-0027,MER-010,9.99,2023-01-02 12:35:25,0
CARD-0024,MER-014,102.92,2023-01-02 23:25:42,0
CARD-0018,MER-006,25.00,2023-01-02 17:56:50,0
CARD-0028,MER-014,5.49,2023-01-02 02:40:42,0
CARD-0001,MER-011,1.98,2023-01-01 15:36:42,0
CARD-0028,MER-019,305.00,2023-01-02 13:24:19,0
CARD-0002,MER-010,99.00,2023-01-02 08:47:02,0
CARD-0036,MER-016,784.32,2023-01-01 14:31:44,0
CARD-0005,MER-027,10.63,2023-01-01 16:01:30,0
CARD-0012,MER-021,21.00,2023-01-01 15:10:26,0
CARD-0007,MER-002,4.56,2023-01-02 07:18:37,0
CARD-0018,MER-004,9.84,2023-01-01 16:52:59,0
CARD-0008,MER-039,0.77,2023-01-02 22:21:28,0
CARD-0017,MER-007,24.99,2023-01-01 18:35:43,0
CARD-0014,MER-027,14.86,2023-01-01 11:48:33,0
CARD-0008,MER-015,1.00,2023-01-01 23:28:58,0
CARD-0009,MER-005,23.68,2023-01-02 16:29:32,0
CARD-0012,MER-015,54.39,2023-01-02 10:58:26,0
CARD-0007,MER-016,13.99,2023-01-02 11:31:09,0
CARD-0016,MER-010,14.32,2023-01-01 16:49:19,0
CARD-0001,MER-019,31.29,2023-01-01 09:42:41,0
CARD-0006,MER-002,9.99,2023-01-02 18:32:16,0
CARD-0023,MER-035,1.46,2023-01-02 10:45:05,0
CARD-0022,MER-021,49.90,2023-01-02 07:01:26,0
CARD-0021,MER-003,0.76,2023-01-01 22:01:44,0
CARD-0015,MER-010,225.50,2023-01-02 10:20:02,0
CARD-0029,MER-010,1.00,2023-01-02 16:59:38,0
CARD-0013,MER-001,79.96,2023-01-01 09:52:53,0
CARD-0027,MER-014,1.00,2023-01-02 06:30:44,0
CARD-0020,MER-017,0.76,2023-01-01 14:35:17,0
CARD-0024,MER-004,31.19,2023-01-02 17:41:45,0
CARD-0109,MER-040,2726.76,2023-01-02 11:18:25,0
CARD-0002,MER-001,12.31,2023-01-01 13:24:33,0
CARD-0028,MER-009,34.67,2023-01-02 10:55:07,0
CARD-0022,MER-005,1.00,2023-01-02 17:43:33,0
CARD-0020,MER-005,112.80,2023-01-01 10:22:08,0
CARD-0016,MER-010,93.10,2023-01-02 09:29:04,0
CARD-0006,MER-012,73.74,2023-01-02 12:38:39,0
CARD-0002,MER-019,0.89,2023-01-02 09:07:39,0
CARD-0003,MER-015,0.89,2023-01-01 13:47:32,0
CARD-0019,MER-001,46.25,2023-01-02 20:08:14,0
CARD-0009,MER-010,87.16,2023-01-02 12:48:11,0
CARD-0008,MER-004,56.00,2023-01-01 12:09:01,0
CARD-0008,MER-030,1.54,2023-01-02 19:58:42,0
CARD-0001,MER-003,2.83,2023-01-02 23:33:15,0
CARD-0008,MER-012,235.00,2023-01-02 23:18:10,0
CARD-0028,MER-016,0.89,2023-01-02 18:29:27,0
CARD-0016,MER-035,3.55,2023-01-02 21:13:39,0
CARD-0019,MER-007,1.29,2023-01-01 20:19:16,0
CARD-0007,MER-002,15.00,2023-01-02 19:41:14,0
CARD-0007,MER-001,105.40,2023-01-01 01:56:44,0
CARD-0012,MER-026,19.36,2023-01-02 06:44:39,0
CARD-0004,MER-009,1.00,2023-01-02 14:56:26,0
CARD-0029,MER-024,1.98,2023-01-01 12:44:03,0
CARD-0065,MER-035,44.00,2023-01-01 20:05:07,0
CARD-0006,MER-001,15.00,2023-01-01 09:10:16,0
CARD-0017,MER-012,10.00,2023-01-01 14:11:13,0
CARD-0005,MER-019,6.98,2023-01-02 09:59:47,0
CARD-0001,MER-029,0.00,2023-01-01 17:12:27,0
CARD-0012,MER-012,1.00,2023-01-02 07:33:29,0
CARD-0053,MER-007,218.66,2023-01-01 09:58:41,0
CARD-0017,MER-002,9.14,2023-01-01 11:38:00,0
CARD-0002,MER-015,1.79,2023-01-01 08:44:42,0
CARD-0013,MER-020,15.95,2023-01-01 03:03:54,0
CARD-0061,MER-035,186.53,2023-01-01 19:18:59,0
CARD-0081,MER-001,378.84,2023-01-02 15:25:19,0
CARD-0001,MER-004,8.98,2023-01-02 06:51:41,0
CARD-0011,MER-022,329.75,2023-01-02 19:53:56,0
CARD-0021,MER-011,0.89,2023-01-02 20:47:16,0
CARD-0046,MER-007,87.44,2023-01-01 11:10:12,0
CARD-0003,MER-001,8.99,2023-01-02 01:56:26,0
CARD-0002,MER-016,8.99,2023-01-02 15:26:38,0
CARD-0024,MER-013,30.44,2023-01-02 00:58:29,0
CARD-0020,MER-005,1.00,2023-01-01 17:20:25,0
CARD-0001,MER-010,28.41,2023-01-02 21:01:45,0
CARD-0027,MER-016,2.69,2023-01-02 23:42:40,0
CARD-0005,MER-003,29.89,2023-01-02 09:04:46,0
CARD-0025,MER-001,15.00,2023-01-02 15:17:24,0
CARD-0011,MER-017,184.88,2023-01-02 15:31:01,0
CARD-0025,MER-029,64.99,2023-01-02 18:05:44,0
CARD-0012,MER-020,17.00,2023-01-01 15:03:16,0
CARD-0019,MER-008,1.98,2023-01-01 18:30:34,0
CARD-0002,MER-017,11.29,2023-01-01 09:05:19,0
CARD-0043,MER-013,1108.09,2023-01-01 14:41:15,0
CARD-0009,MER-004,1.00,2023-01-02 22:15:55,0
CARD-0001,MER-018,4.99,2023-01-01 07:53:48,0
CARD-0017,MER-009,9.80,2023-01-01 11:45:58,0
CARD-0016,MER-015,3.76,2023-01-02 21:03:09,0
CARD-0020,MER-024,69.99,2023-01-02 09:32:41,0
CARD-0007,MER-014,84.99,2023-01-01 09:08:00,0
CARD-0003,MER-010,173.91,2023-01-02 15:19:43,0
CARD-0021,MER-015,22.45,2023-01-02 16:54:22,0
CARD-0025,MER-001,39.90,2023-01-02 15:45:22,0
CARD-0017,MER-010,56.92,2023-01-02 02:19:40,0
CARD-0005,MER-017,1.54,2023-01-02 21:59:17,0
CARD-0027,MER-018,29.61,2023-01-02 09:30:13,0
CARD-0008,MER-008,110.00,2023-01-01 13:43:06,0
CARD-0025,MER-019,62.30,2023-01-02 21:55:13,0
CARD-0011,MER-026,51.49,2023-01-01 14:51:27,0
CARD-0009,MER-006,8.73,2023-01-02 22:00:55,0
CARD-0001,MER-002,12.31,2023-01-01 21:32:35,0
CARD-0020,MER-006,9.99,2023-01-02 21:18:10,0
CARD-0007,MER-024,39.00,2023-01-01 14:52:23,0
CARD-0016,MER-011,45.60,2023-01-01 22:07:17,0
CARD-0024,MER-006,9.99,2023-01-02 15:54:06,0
CARD-0034,MER-015,2.90,2023-01-01 12:32:30,0
CARD-0004,MER-012,0.89,2023-01-02 17:21:06,0
CARD-0011,MER-030,7.07,2023-01-01 19:48:15,0
CARD-0020,MER-042,724.42,2023-01-02 18:20:30,0
CARD-0025,MER-013,13.73,2023-01-02 17:07:02,0
CARD-0007,MER-025,88.21,2023-01-02 19:51:45,0
CARD-0063,MER-008,760.00,2023-01-02 00:35:59,0
CARD-0022,MER-008,5.99,2023-01-02 12:00:38,0
CARD-0007,MER-016,552.00,2023-01-02 13:06:00,0
CARD-0015,MER-022,591.48,2023-01-02 21:19:38,0
CARD-0016,MER-034,101.15,2023-01-01 19:52:05,0
CARD-0019,MER-002,1.79,2023-01-01 12:48:14,0
CARD-0023,MER-032,35.00,2023-01-02 15:17:40,0
CARD-0020,MER-003,1.29,2023-01-01 15:45:15,0
CARD-0013,MER-016,69.99,2023-01-01 18:17:32,0
CARD-0012,MER-011,19.98,2023-01-02 15:01:15,0
CARD-0016,MER-009,15.95,2023-01-01 03:02:47,0
CARD-0006,MER-019,8.92,2023-01-01 08:03:54,0
CARD-0005,MER-003,9.06,2023-01-01 16:21:39,0
CARD-0009,MER-004,35.25,2023-01-01 10:56:34,0
CARD-0002,MER-018,3.98,2023-01-01 12:30:48,0
CARD-0019,MER-015,174.00,2023-01-02 19:25:18,0
CARD-0012,MER-013,25.00,2023-01-01 16:14:51,0
CARD-0051,MER-011,269.94,2023-01-01 14:45:32,0
CARD-0002,MER-027,2.21,2023-01-01 12:52:03,0
CARD-0016,MER-009,2.00,2023-01-01 16:11:51,0
CARD-0006,MER-015,264.32,2023-01-01 12:24:39,0
CARD-0009,MER-018,29.00,2023-01-02 10:53:42,0
CARD-0011,MER-032,0.89,2023-01-02 23:25:43,0
CARD-0011,MER-008,267.26,2023-01-02 01:01:50,0
CARD-0002,MER-002,1.00,2023-01-02 13:03:03,0
CARD-0023,MER-019,18.94,2023-01-02 08:09:08,0
CARD-0013,MER-011,24.95,2023-01-01 12:02:02,0
CARD-0013,MER-020,79.54,2023-01-01 14:24:57,0
CARD-0013,MER-014,57.01,2023-01-01 23:30:24,0
CARD-0013,MER-001,80.00,2023-01-01 11:17:05,0
CARD-0014,MER-015,20.00,2023-01-01 21:23:27,0
CARD-0027,MER-017,19.98,2023-01-02 14:38:24,0
CARD-0012,MER-001,104.50,2023-01-01 21:43:52,0
CARD-0010,MER-004,182.75,2023-01-01 05:52:30,0
CARD-0026,MER-013,1.29,2023-01-02 15:38:10,0
CARD-0004,MER-002,7.50,2023-01-02 09:52:28,0
CARD-0022,MER-002,15.95,2023-01-02 03:02:31,0
CARD-0001,MER-019,29.00,2023-01-02 12:23:31,0
CARD-0014,MER-012,81.00,2023-01-01 09:02:50,0
CARD-0013,MER-005,500.00,2023-01-01 00:31:08,0
CARD-0019,MER-032,1.00,2023-01-02 00:22:57,0
CARD-0044,MER-015,322.24,2023-01-02 15:13:03,0
CARD-0030,MER-011,2.28,2023-01-02 18:14:17,0
CARD-0016,MER-009,60.00,2023-01-01 15:12:17,0
CARD-0013,MER-011,64.99,2023-01-01 21:26:28,0
CARD-0009,MER-021,27.23,2023-01-02 22:08:36,0
CARD-0013,MER-009,119.00,2023-01-02 21:14:25,0
CARD-0006,MER-023,49.95,2023-01-02 00:15:11,0
CARD-0017,MER-006,2.99,2023-01-01 10:53:59,0
CARD-0011,MER-011,48.72,2023-01-01 20:04:26,0
CARD-0012,MER-004,22.91,2023-01-02 16:01:47,0
CARD-0001,MER-004,7.98,2023-01-02 10:46:28,0
CARD-0003,MER-020,15.00,2023-01-02 13:18:27,0
CARD-0009,MER-007,6.99,2023-01-02 10:42:05,0
CARD-0009,MER-002,39.20,2023-01-01 10:26:28,0
CARD-0025,MER-005,12.49,2023-01-02 16:13:40,0
CARD-0019,MER-005,5.31,2023-01-01 23:08:51,0
CARD-0014,MER-014,44.94,2023-01-01 06:37:48,0
CARD-0005,MER-010,89.00,2023-01-01 08:06:10,0
CARD-0005,MER-007,10.00,2023-01-02 13:36:14,0
CARD-0021,MER-008,270.00,2023-01-01 09:41:38,0
CARD-0004,MER-014,9.35,2023-01-01 07:16:09,0
CARD-0008,MER-004,3.00,2023-01-01 20:54:29,0
CARD-0006,MER-024,0.76,2023-01-02 21:00:08,0
CARD-0027,MER-029,2.99,2023-01-01 14:09:15,0
CARD-0024,MER-007,9.99,2023-01-02 13:39:21,0
CARD-0027,MER-012,40.00,2023-01-02 19:14:31,0
CARD-0002,MER-006,25.14,2023-01-01 14:24:37,0
CARD-0018,MER-004,22.90,2023-01-01 10:33:21,0
CARD-0007,MER-013,20.00,2023-01-01 15:03:16,0
CARD-0016,MER-019,1.51,2023-01-02 06:07:34,0
CARD-0012,MER-007,29.90,2023-01-01 21:45:23,0
CARD-0013,MER-014,41.00,2023-01-01 13:07:42,0
CARD-0008,MER-016,15.22,2023-01-01 15:38:01,0
CARD-0001,MER-015,1.00,2023-01-01 20:00:15,0
CARD-0011,MER-011,140.00,2023-01-01 20:23:51,0
CARD-0003,MER-022,1.00,2023-01-02 21:17:19,0
CARD-0005,MER-009,10.99,2023-01-01 10:29:22,0
CARD-0023,MER-005,1.46,2023-01-02 17:31:45,0
CARD-0003,MER-008,118.95,2023-01-02 19:28:46,0
CARD-0019,MER-015,15.62,2023-01-01 07:06:45,0
CARD-0007,MER-007,86.91,2023-01-01 20:30:22,0
CARD-0001,MER-004,19.99,2023-01-02 20:05:05,0
CARD-0005,MER-004,26.80,2023-01-02 17:34:23,0
CARD-0009,MER-012,47.40,2023-01-01 10:37:11,0
CARD-0001,MER-016,47.55,2023-01-01 07:29:38,0
CARD-0013,MER-007,0.00,2023-01-01 11:16:49,0
CARD-0004,MER-009,0.76,2023-01-01 19:43:41,0
CARD-0011,MER-024,114.09,2023-01-01 21:18:52,0
CARD-0020,MER-004,1.29,2023-01-01 11:58:59,0
CARD-0018,MER-037,130.98,2023-01-02 06:55:19,0
CARD-0021,MER-020,84.00,2023-01-02 09:48:37,0
CARD-0004,MER-009,8.74,2023-01-02 07:40:06,0
CARD-0014,MER-018,68.25,2023-01-02 00:58:28,0
CARD-0012,MER-025,50.96,2023-01-01 12:21:55,0
CARD-0019,MER-011,15.97,2023-01-01 21:28:48,0
CARD-0013,MER-011,40.00,2023-01-01 12:29:55,0
CARD-0040,MER-039,3848.01,2023-01-02 11:54:12,0
CARD-0012,MER-017,19.00,2023-01-01 00:32:17,0
CARD-0007,MER-006,2.69,2023-01-02 12:44:54,0
CARD-0002,MER-003,1.98,2023-01-02 16:35:40,0
CARD-0009,MER-001,64.75,2023-01-01 12:49:08,0
CARD-0027,MER-011,4.49,2023-01-02 11:54:21,0
CARD-0018,MER-006,1.98,2023-01-01 10:45:58,0
CARD-0021,MER-026,83.75,2023-01-02 12:48:18,0
CARD-0029,MER-017,150.00,2023-01-02 12:51:49,0
CARD-0008,MER-006,2.51,2023-01-02 08:51:06,0
CARD-0008,MER-032,18.00,2023-01-02 10:13:56,0
CARD-0019,MER-008,1.98,2023-01-01 22:49:55,0
CARD-0027,MER-015,1.98,2023-01-02 15:36:35,0
CARD-0042,MER-039,0.89,2023-01-02 22:07:01,0
CARD-0001,MER-004,363.80,2023-01-01 12:55:24,0
CARD-0023,MER-047,0.77,2023-01-02 17:38:02,0
CARD-0019,MER-024,15.00,2023-01-02 12:37:18,0
CARD-0021,MER-011,808.95,2023-01-01 21:49:40,0
CARD-0003,MER-007,97.28,2023-01-02 21:45:59,0
CARD-0022,MER-021,41.95,2023-01-02 22:40:23,0
CARD-0120,MER-068,144.00,2023-01-02 13:39:41,0
CARD-0002,MER-014,12.98,2023-01-01 17:28:58,0
CARD-0012,MER-002,593.23,2023-01-01 14:14:18,0
CARD-0002,MER-004,15.00,2023-01-02 12:10:27,0
CARD-0068,MER-014,0.89,2023-01-01 23:16:23,0
CARD-0026,MER-012,1.29,2023-01-02 19:14:31,0
CARD-0016,MER-002,4.09,2023-01-01 20:29:33,0
CARD-0118,MER-016,100.00,2023-01-02 23:36:18,0
CARD-0003,MER-023,14.74,2023-01-01 09:46:38,0
CARD-0024,MER-010,15.00,2023-01-02 21:15:25,0
CARD-0005,MER-022,81.80,2023-01-02 01:59:49,0
CARD-0011,MER-003,161.88,2023-01-02 03:41:49,0
CARD-0017,MER-018,84.27,2023-01-01 00:33:02,0
CARD-0007,MER-027,51.98,2023-01-01 05:25:26,0
CARD-0008,MER-009,117.70,2023-01-01 12:50:07,0
CARD-0012,MER-026,24.90,2023-01-02 14:17:05,0
CARD-0014,MER-039,188.53,2023-01-02 10:07:06,0
CARD-0022,MER-017,144.00,2023-01-01 09:43:29,0
CARD-0002,MER-014,1.79,2023-01-01 12:44:36,0
CARD-0002,MER-025,1.50,2023-01-01 11:39:41,0
CARD-0022,MER-010,9.97,2023-01-01 14:32:41,0
CARD-0019,MER-020,22.81,2023-01-01 20:21:28,0
CARD-0016,MER-009,26.00,2023-01-01 21:21:07,0
CARD-0010,MER-006,63.52,2023-01-01 11:38:44,0
CARD-0012,MER-013,30.95,2023-01-01 15:34:27,0
CARD-0090,MER-027,207.20,2023-01-02 19:48:25,0
CARD-0003,MER-015,3.87,2023-01-01 11:26:48,0
CARD-0022,MER-002,15.95,2023-01-02 04:00:49,0
CARD-0009,MER-017,1.00,2023-01-01 23:46:20,0
CARD-0012,MER-028,4.99,2023-01-01 23:52:54,0
CARD-0025,MER-001,29.40,2023-01-02 07:41:47,0
CARD-0028,MER-010,19.49,2023-01-02 16:03:36,0
CARD-0015,MER-014,8.49,2023-01-01 04:18:08,0
CARD-0020,MER-031,705.30,2023-01-01 22:08:46,0
CARD-0006,MER-012,20.00,2023-01-02 19:27:05,0
CARD-0006,MER-005,20.00,2023-01-01 20:37:52,0
CARD-0006,MER-008,10.00,2023-01-02 13:54:30,0
CARD-0013,MER-009,30.00,2023-01-01 15:50:37,0
CARD-0014,MER-006,29.56,2023-01-01 15:30:24,0
CARD-0010,MER-004,6.00,2023-01-02 17:44:31,0
CARD-0025,MER-011,15.50,2023-01-01 08:31:57,0
CARD-0009,MER-015,75.46,2023-01-01 18:11:20,0
CARD-0018,MER-005,1.98,2023-01-01 21:21:48,0
CARD-0017,MER-016,34.47,2023-01-01 03:58:23,0
CARD-0024,MER-003,13.62,2023-01-02 14:59:07,0
CARD-0122,MER-008,69.20,2023-01-01 13:36:04,0
CARD-0010,MER-008,206.00,2023-01-01 12:46:23,0
CARD-0029,MER-020,326.80,2023-01-02 13:26:34,0
CARD-0002,MER-009,251.50,2023-01-01 11:07:38,0
CARD-0005,MER-002,4.84,2023-01-01 18:40:17,0
CARD-0007,MER-005,36.00,2023-01-02 02:07:36,0
CARD-0028,MER-017,1.98,2023-01-02 16:46:42,0
CARD-0021,MER-020,79.80,2023-01-02 22:11:28,0
CARD-0027,MER-026,14.37,2023-01-02 13:32:27,0
CARD-0002,MER-017,8.99,2023-01-01 19:22:38,0
CARD-0006,MER-001,16.94,2023-01-02 14:05:00,0
CARD-0015,MER-011,42.36,2023-01-01 19:07:52,0
CARD-0023,MER-005,9.99,2023-01-02 17:40:47,0
CARD-0015,MER-004,37.00,2023-01-01 17:48:25,0
CARD-0022,MER-011,66.40,2023-01-02 09:41:10,0
CARD-0069,MER-027,190.00,2023-01-01 19:05:15,0
CARD-0028,MER-013,1.79,2023-01-02 16:17:10,0
CARD-0018,MER-031,9.96,2023-01-02 15:39:10,0
CARD-0020,MER-010,36.40,2023-01-02 14:58:02,0
CARD-0014,MER-018,22.04,2023-01-01 07:46:23,0
CARD-0011,MER-011,84.00,2023-01-01 12:11:22,0
CARD-0014,MER-006,11.85,2023-01-01 05:59:09,0
CARD-0004,MER-031,0.77,2023-01-01 18:41:11,0
CARD-0009,MER-008,50.00,2023-01-01 12:50:26,0
CARD-0027,MER-022,15.41,2023-01-02 17:44:36,0
CARD-0005,MER-003,75.46,2023-01-02 23:06:23,0
CARD-0001,MER-011,3.84,2023-01-01 19:21:43,0
CARD-0015,MER-002,17.90,2023-01-01 22:45:27,0
CARD-0018,MER-002,1.46,2023-01-01 08:40:33,0
CARD-0035,MER-006,192.00,2023-01-01 20:45:40,0
CARD-0026,MER-037,32.95,2023-01-02 11:28:38,0
CARD-0038,MER-030,13.96,2023-01-02 18:30:45,0
CARD-0021,MER-027,17.80,2023-01-01 20:14:59,0
CARD-0011,MER-003,500.00,2023-01-01 17:01:30,0
CARD-0001,MER-026,7.18,2023-01-01 18:47:21,0
CARD-0023,MER-017,132.58,2023-01-01 10:01:12,0
CARD-0035,MER-031,264.98,2023-01-02 22:58:11,0
CARD-0009,MER-021,325.00,2023-01-02 14:32:40,0
CARD-0016,MER-009,5.00,2023-01-01 14:39:21,0
CARD-0041,MER-017,253.00,2023-01-02 13:15:56,0
CARD-0007,MER-012,131.65,2023-01-01 16:07:02,0
CARD-0062,MER-010,130.53,2023-01-02 16:25:59,0
CARD-0031,MER-013,36.00,2023-01-02 02:07:17,0
CARD-0016,MER-008,14.90,2023-01-01 10:32:12,0
CARD-0019,MER-012,124.80,2023-01-02 02:41:30,0
CARD-0024,MER-029,41.68,2023-01-02 15:17:17,0
CARD-0002,MER-008,81.90,2023-01-01 07:46:27,0
CARD-0008,MER-005,8.99,2023-01-01 22:27:30,0
CARD-0014,MER-007,1.00,2023-01-01 19:49:38,0
CARD-0026,MER-033,42.00,2023-01-02 08:24:04,0
CARD-0011,MER-057,146.94,2023-01-02 02:34:02,0
CARD-0005,MER-005,4.49,2023-01-02 14:38:48,0
CARD-0019,MER-006,1.98,2023-01-01 22:33:49,0
CARD-0025,MER-019,42.00,2023-01-02 13:15:04,0
CARD-0001,MER-011,1.98,2023-01-02 15:16:26,0
CARD-0005,MER-024,3.08,2023-01-01 00:34:39,0
CARD-0024,MER-028,1.00,2023-01-02 00:22:16,0
CARD-0020,MER-014,5.49,2023-01-02 02:55:18,0
CARD-0021,MER-005,1.00,2023-01-01 16:57:51,0
CARD-0003,MER-013,39.60,2023-01-02 21:08:30,0
CARD-0030,MER-020,1.00,2023-01-02 13:17:19,0
CARD-0003,MER-024,19.50,2023-01-01 14:17:28,0
CARD-0002,MER-012,141.46,2023-01-02 13:54:20,0
CARD-0012,MER-011,32.85,2023-01-01 21:27:00,0
CARD-0010,MER-013,7.05,2023-01-01 14:37:48,0
CARD-0007,MER-002,2.22,2023-01-01 14:54:13,0
CARD-0017,MER-015,7.20,2023-01-02 22:04:09,0
CARD-0030,MER-041,0.76,2023-01-02 13:27:40,0
CARD-0001,MER-029,3.11,2023-01-01 22:20:28,0
CARD-0020,MER-020,89.00,2023-01-02 17:58:06,0
CARD-0003,MER-011,17.88,2023-01-02 17:53:32,0
CARD-0033,MER-003,210.80,2023-01-01 08:23:40,0
CARD-0002,MER-003,1.00,2023-01-01 00:34:52,0
CARD-0005,MER-021,21.07,2023-01-01 15:48:43,0
CARD-0007,MER-012,9.99,2023-01-01 14:14:14,0
CARD-0014,MER-026,35.00,2023-01-01 12:21:10,0
CARD-0003,MER-004,0.77,2023-01-01 13:35:20,0
CARD-0013,MER-003,34.80,2023-01-01 22:56:27,0
CARD-0025,MER-001,16.28,2023-01-02 19:54:13,0
CARD-0015,MER-010,94.46,2023-01-01 19:15:14,0
CARD-0023,MER-006,1.00,2023-01-02 21:27:30,0
CARD-0026,MER-012,290.97,2023-01-01 22:50:44,0
CARD-0002,MER-012,2.50,2023-01-01 18:59:32,0
CARD-0023,MER-022,53.09,2023-01-02 23:03:42,0
CARD-0020,MER-011,3.95,2023-01-02 12:17:57,0
CARD-0017,MER-009,2.95,2023-01-01 16:20:36,0
CARD-0003,MER-011,45.00,2023-01-01 22:01:59,0
CARD-0003,MER-009,61.66,2023-01-01 19:54:31,0
CARD-0026,MER-024,6.05,2023-01-02 20:25:43,0
CARD-0005,MER-011,14.95,2023-01-02 04:01:23,0
CARD-0003,MER-002,186.98,2023-01-02 19:34:17,0
CARD-0013,MER-007,110.15,2023-01-01 22:28:45,0
CARD-0004,MER-012,17.76,2023-01-01 22:38:27,0
CARD-0064,MER-011,0.89,2023-01-01 17:55:00,0
CARD-0017,MER-005,17.99,2023-01-01 11:44:13,0
CARD-0005,MER-014,181.10,2023-01-01 16:49:14,0
CARD-0027,MER-001,600.00,2023-01-01 13:04:24,0
CARD-0001,MER-011,5.41,2023-01-02 19:05:35,0
CARD-0013,MER-010,82.61,2023-01-01 14:27:55,0
CARD-0003,MER-019,6.99,2023-01-01 07:00:55,0
CARD-0010,MER-006,2.58,2023-01-02 20:41:22,0
CARD-0012,MER-026,3.50,2023-01-01 03:24:43,0
CARD-0029,MER-014,8.90,2023-01-02 07:25:04,0
CARD-0033,MER-014,141.56,2023-01-02 21:19:54,0
CARD-0007,MER-004,9.72,2023-01-02 08:55:07,0
CARD-0009,MER-005,1.78,2023-01-02 10:32:42,0
CARD-0028,MER-004,27.27,2023-01-01 22:18:53,0
CARD-0010,MER-013,69.99,2023-01-01 10:36:44,0
CARD-0010,MER-001,15.00,2023-01-01 10:52:56,0
CARD-0173,MER-021,614.96,2023-01-01 16:36:53,0
CARD-0010,MER-005,52.59,2023-01-01 14:50:04,0
CARD-0004,MER-042,3.78,2023-01-01 19:45:02,0
CARD-0006,MER-009,0.77,2023-01-02 14:51:48,0
CARD-0001,MER-020,15.00,2023-01-02 11:57:20,0
CARD-0004,MER-019,1.00,2023-01-01 20:26:41,0
CARD-0017,MER-022,404.43,2023-01-01 11:22:29,0
CARD-0022,MER-008,39.49,2023-01-02 07:11:29,0
CARD-0052,MER-020,50.00,2023-01-02 21:35:45,0
CARD-0022,MER-022,10.00,2023-01-02 15:48:57,0
CARD-0016,MER-014,33.88,2023-01-01 13:56:43,0
CARD-0047,MER-016,1262.00,2023-01-01 15:55:12,0
CARD-0022,MER-008,44.22,2023-01-02 14:53:20,0
CARD-0038,MER-006,59.10,2023-01-02 20:20:52,0
CARD-0008,MER-017,1.29,2023-01-01 18:40:49,0
CARD-0013,MER-008,23.49,2023-01-01 18:21:47,0
CARD-0060,MER-012,9.99,2023-01-01 18:02:27,0
CARD-0006,MER-008,18.61,2023-01-02 09:45:47,0
CARD-0022,MER-006,49.48,2023-01-02 21:45:43,0
CARD-0018,MER-019,40.00,2023-01-02 21:51:30,0
CARD-0017,MER-008,15.00,2023-01-01 12:51:01,0
CARD-0010,MER-023,226.98,2023-01-01 18:35:38,0
CARD-0004,MER-011,17.99,2023-01-01 18:19:24,0
CARD-0020,MER-009,13.47,2023-01-01 16:13:46,0
CARD-0019,MER-016,59.15,2023-01-01 12:14:49,0
CARD-0006,MER-031,53.00,2023-01-02 17:47:55,0
CARD-0020,MER-013,14.22,2023-01-02 10:03:30,0
CARD-0003,MER-006,5.99,2023-01-02 10:00:54,0
CARD-0005,MER-002,0.89,2023-01-02 15:07:04,0
CARD-0005,MER-006,16.60,2023-01-02 21:02:14,0
CARD-0010,MER-006,1.00,2023-01-01 17:16:38,0
CARD-0002,MER-008,24.06,2023-01-02 15:16:35,0
CARD-0008,MER-021,9.99,2023-01-01 17:46:28,0
CARD-0005,MER-024,10.00,2023-01-02 13:10:36,0
CARD-0005,MER-002,98.00,2023-01-01 19:44:57,0
CARD-0001,MER-056,20.89,2023-01-02 10:25:00,0
CARD-0017,MER-008,19.96,2023-01-01 21:01:29,0
CARD-0014,MER-005,2.23,2023-01-01 22:01:17,0
CARD-0014,MER-003,1.00,2023-01-01 22:04:03,0
CARD-0027,MER-011,11.00,2023-01-02 16:56:12,0
CARD-0015,MER-013,31.05,2023-01-01 21:47:46,0
CARD-0017,MER-006,3.00,2023-01-01 21:04:23,0
CARD-0006,MER-005,66.85,2023-01-02 02:09:26,0
CARD-0005,MER-010,100.00,2023-01-02 04:58:39,0
CARD-0018,MER-011,548.36,2023-01-01 11:49:59,0
CARD-0010,MER-002,405.20,2023-01-01 09:16:33,0
CARD-0010,MER-005,55.95,2023-01-02 16:24:35,0
CARD-0016,MER-015,24.90,2023-01-02 17:15:03,0
CARD-0024,MER-007,9.90,2023-01-02 10:09:44,0
CARD-0009,MER-024,9.99,2023-01-01 11:27:18,0
CARD-0032,MER-007,18.88,2023-01-02 16:04:12,0
CARD-0021,MER-017,24.99,2023-01-02 12:08:24,0
CARD-0023,MER-034,29.90,2023-01-02 19:54:12,0
CARD-0004,MER-025,13.65,2023-01-01 10:50:49,0
CARD-0024,MER-025,29.85,2023-01-02 09:45:40,0
CARD-0011,MER-029,8.92,2023-01-02 22:19:52,0
CARD-0030,MER-015,1.00,2023-01-02 11:35:30,0
CARD-0016,MER-015,29.95,2023-01-01 13:17:28,0
CARD-0007,MER-016,8.96,2023-01-01 02:39:57,0
CARD-0043,MER-012,35.40,2023-01-01 23:05:19,0
CARD-0004,MER-022,396.14,2023-01-02 09:53:40,0
CARD-0023,MER-005,8.98,2023-01-02 12:27:16,0
CARD-0007,MER-017,11.75,2023-01-01 14:59:37,0
CARD-0013,MER-006,11.85,2023-01-01 05:07:38,0
CARD-0014,MER-003,40.00,2023-01-01 11:29:04,0
CARD-0001,MER-001,25.89,2023-01-02 13:06:46,0
CARD-0007,MER-014,125.84,2023-01-01 22:05:12,0
CARD-0026,MER-015,15.57,2023-01-02 16:03:45,0
CARD-0017,MER-002,1.98,2023-01-01 00:35:54,0
CARD-0004,MER-022,7.30,2023-01-02 06:36:00,0
CARD-0008,MER-001,400.00,2023-01-01 08:42:27,0
CARD-0016,MER-010,7.50,2023-01-01 15:22:32,0
CARD-0009,MER-008,553.00,2023-01-01 21:18:22,0
CARD-0017,MER-001,29.20,2023-01-02 15:48:44,0
CARD-0173,MER-007,0.76,2023-01-02 14:42:13,0
CARD-0028,MER-033,97.00,2023-01-01 13:36:27,0
CARD-0012,MER-030,32.49,2023-01-02 21:22:09,0
CARD-0003,MER-008,5.52,2023-01-01 09:33:55,0
CARD-0006,MER-015,139.29,2023-01-02 19:38:40,0
CARD-0025,MER-029,3.79,2023-01-02 18:29:07,0
CARD-0003,MER-005,99.00,2023-01-02 23:21:54,0
CARD-0017,MER-013,1.00,2023-01-01 14:14:40,0
CARD-0036,MER-016,114.00,2023-01-02 11:40:24,0
CARD-0014,MER-005,20.00,2023-01-01 17:17:15,0
CARD-0020,MER-016,259.70,2023-01-01 20:10:21,0
CARD-0009,MER-011,40.00,2023-01-01 15:02:29,0
CARD-0026,MER-020,52.88,2023-01-02 07:25:45,0
CARD-0009,MER-009,27.99,2023-01-02 20:19:00,0
CARD-0022,MER-004,3.46,2023-01-01 07:34:41,0
CARD-0025,MER-006,1.00,2023-01-02 15:31:33,0
CARD-0028,MER-017,1.50,2023-01-02 20:50:11,0
CARD-0023,MER-003,9.99,2023-01-02 16:20:29,0
CARD-0029,MER-007,39.00,2023-01-02 03:58:32,0
CARD-0012,MER-029,28.18,2023-01-02 12:07:56,0
CARD-0015,MER-012,42.00,2023-01-01 08:22:02,0
CARD-0011,MER-020,72.35,2023-01-01 21:40:26,0
CARD-0035,MER-039,0.77,2023-01-02 12:33:39,0
CARD-0003,MER-016,5.99,2023-01-01 21:53:16,0
CARD-0019,MER-007,4.99,2023-01-02 23:11:44,0
CARD-0208,MER-062,786.20,2023-01-02 14:47:47,0
CARD-0003,MER-016,10.00,2023-01-01 13:30:30,0
CARD-0016,MER-015,9.99,2023-01-01 18:26:05,0
CARD-0016,MER-021,168.00,2023-01-02 21:01:03,0
CARD-0022,MER-024,10.00,2023-01-02 14:03:06,0
CARD-0018,MER-007,342.07,2023-01-01 22:14:52,0
CARD-0084,MER-012,93.56,2023-01-01 13:17:20,0
CARD-0045,MER-020,112.67,2023-01-02 23:44:35,0
CARD-0019,MER-021,90.00,2023-01-02 11:28:12,0
CARD-0003,MER-014,3.99,2023-01-01 22:59:35,0
CARD-0023,MER-013,4.53,2023-01-01 20:18:33,0
CARD-0006,MER-030,36.00,2023-01-01 02:06:42,0
CARD-0008,MER-001,274.60,2023-01-02 12:48:28,0
CARD-0006,MER-023,393.20,2023-01-02 10:39:31,0
CARD-0011,MER-013,7.81,2023-01-01 11:25:42,0
CARD-0026,MER-011,0.89,2023-01-02 20:10:49,0
CARD-0021,MER-025,10.00,2023-01-02 13:04:48,0
CARD-0021,MER-017,1.00,2023-01-01 18:31:36,0
CARD-0001,MER-033,5.48,2023-01-01 12:08:50,0
CARD-0031,MER-021,1.00,2023-01-02 12:39:25,0
CARD-0010,MER-004,119.85,2023-01-02 20:46:40,0
CARD-0002,MER-020,2.67,2023-01-01 02:49:40,0
CARD-0045,MER-009,80.00,2023-01-01 12:34:13,0
CARD-0011,MER-001,442.20,2023-01-01 08:15:37,0
CARD-0021,MER-011,15.00,2023-01-02 08:47:10,0
CARD-0002,MER-010,24.99,2023-01-02 10:28:29,0
CARD-0004,MER-002,95.20,2023-01-02 13:42:16,0
CARD-0006,MER-001,3.58,2023-01-02 19:35:29,0
CARD-0013,MER-008,64.99,2023-01-01 10:51:05,0
CARD-0007,MER-009,2.49,2023-01-02 13:41:28,0
CARD-0026,MER-014,248.58,2023-01-02 18:07:26,0
CARD-0002,MER-006,52.33,2023-01-02 11:26:32,0
CARD-0015,MER-006,15.00,2023-01-01 08:52:57,0
CARD-0027,MER-014,75.32,2023-01-02 01:27:08,0
CARD-0002,MER-017,2.69,2023-01-01 21:35:54,0
CARD-0003,MER-012,0.99,2023-01-01 11:40:28,0
CARD-0002,MER-008,364.11,2023-01-01 17:48:01,0
CARD-0026,MER-015,0.74,2023-01-02 18:51:41,0
CARD-0001,MER-028,7.60,2023-01-01 14:13:41,0
CARD-0017,MER-005,1.00,2023-01-01 15:23:43,0
CARD-0002,MER-022,15.00,2023-01-01 06:33:26,0
CARD-0027,MER-009,1.29,2023-01-02 23:52:40,0
CARD-0005,MER-002,4.32,2023-01-02 11:47:27,0
CARD-0017,MER-027,97.51,2023-01-01 12:16:50,0
CARD-0011,MER-024,108.19,2023-01-01 12:37:32,0
CARD-0036,MER-010,103.99,2023-01-02 16:41:23,0
CARD-0001,MER-015,15.00,2023-01-02 23:32:28,0
CARD-0019,MER-014,139.95,2023-01-02 11:23:31,0
CARD-0013,MER-011,48.56,2023-01-01 11:07:16,0
CARD-0007,MER-012,7.57,2023-01-02 11:52:02,0
CARD-0017,MER-007,9.85,2023-01-01 10:23:22,0
CARD-0007,MER-011,29.92,2023-01-01 08:35:16,0
CARD-0091,MER-035,219.99,2023-01-02 16:16:17,0
CARD-0027,MER-013,16.93,2023-01-02 03:50:12,0
CARD-0024,MER-003,2.12,2023-01-02 06:42:24,0
CARD-0015,MER-008,49.00,2023-01-01 07:47:46,0
CARD-0015,MER-016,257.94,2023-01-02 15:00:43,0
CARD-0015,MER-009,29.67,2023-01-01 14:34:41,0
CARD-0012,MER-009,15.00,2023-01-01 20:44:51,0
CARD-0007,MER-008,49.99,2023-01-02 17:38:05,0
CARD-0023,MER-021,89.06,2023-01-01 13:08:15,0
CARD-0025,MER-009,32.00,2023-01-02 16:30:30,0
CARD-0007,MER-022,243.23,2023-01-02 20:32:02,0
CARD-0021,MER-018,15.80,2023-01-02 09:58:32,0
CARD-0017,MER-013,56.79,2023-01-01 17:10:27,0
CARD-0016,MER-021,140.79,2023-01-02 22:16:34,0
CARD-0015,MER-016,126.77,2023-01-01 17:56:00,0
CARD-0021,MER-032,211.56,2023-01-02 11:33:26,0
CARD-0010,MER-006,84.00,2023-01-01 19:44:35,0
CARD-0009,MER-020,171.66,2023-01-01 13:26:36,0
CARD-0006,MER-026,480.65,2023-01-02 16:02:26,0
CARD-0007,MER-002,157.50,2023-01-01 15:47:25,0
CARD-0015,MER-006,17.99,2023-01-02 16:48:48,0
CARD-0013,MER-017,79.00,2023-01-01 08:40:33,0
CARD-0018,MER-030,56.75,2023-01-02 08:42:24,0
CARD-0010,MER-014,1.29,2023-01-02 02:23:40,0
CARD-0046,MER-030,359.50,2023-01-02 15:32:00,0
CARD-0009,MER-004,58.00,2023-01-01 20:32:20,0
CARD-0002,MER-009,49.72,2023-01-02 23:17:28,0
CARD-0006,MER-011,33.76,2023-01-01 20:57:40,0
CARD-0003,MER-013,2.58,2023-01-01 12:40:33,0
CARD-0009,MER-001,39.80,2023-01-01 09:05:36,0
CARD-0017,MER-004,30.80,2023-01-01 15:43:38,0
CARD-0028,MER-014,1.00,2023-01-02 07:08:10,0
CARD-0001,MER-024,11.27,2023-01-02 05:21:07,0
CARD-0009,MER-002,4.56,2023-01-02 21:28:03,0
CARD-0007,MER-038,199.98,2023-01-02 20:08:09,0
CARD-0018,MER-003,1.98,2023-01-01 23:47:04,0
CARD-0015,MER-012,86.80,2023-01-01 11:48:45,0
CARD-0006,MER-008,78.90,2023-01-02 15:43:56,0
CARD-0013,MER-016,59.90,2023-01-01 06:03:24,0
CARD-0022,MER-012,89.85,2023-01-02 10:48:55,0
CARD-0008,MER-006,0.92,2023-01-01 22:29:10,0
CARD-0018,MER-007,25.00,2023-01-01 10:31:05,0
CARD-0135,MER-066,152.08,2023-01-02 02:56:57,0
CARD-0006,MER-017,146.40,2023-01-02 11:04:05,0
CARD-0019,MER-023,119.00,2023-01-02 21:35:53,0
CARD-0002,MER-017,2.69,2023-01-01 12:28:58,0
CARD-0011,MER-009,25.79,2023-01-01 08:01:19,0
CARD-0017,MER-010,16.55,2023-01-01 06:41:22,0
CARD-0053,MER-017,1387.98,2023-01-01 17:04:09,0
CARD-0009,MER-011,29.61,2023-01-01 20:33:15,0
CARD-0033,MER-033,20.12,2023-01-01 21:04:30,0
CARD-0038,MER-012,799.01,2023-01-02 17:10:22,0
CARD-0004,MER-009,47.95,2023-01-02 13:41:12,0
CARD-0015,MER-025,59.33,2023-01-01 18:07:03,0
CARD-0023,MER-006,20.80,2023-01-02 08:47:55,0
CARD-0035,MER-010,75.00,2023-01-02 08:42:18,0
CARD-0010,MER-010,1.98,2023-01-02 18:21:56,0
CARD-0003,MER-029,3.93,2023-01-02 11:17:27,0
CARD-0014,MER-012,0.98,2023-01-01 17:35:44,0
CARD-0024,MER-003,2.12,2023-01-02 05:22:48,0
CARD-0020,MER-008,41.00,2023-01-02 09:59:34,0
CARD-0020,MER-005,55.00,2023-01-02 18:52:08,0
CARD-0001,MER-028,1.29,2023-01-01 01:16:50,0
CARD-0016,MER-002,27.83,2023-01-01 15:06:20,0
CARD-0035,MER-003,0.01,2023-01-02 12:41:37,0
CARD-0007,MER-005,26.00,2023-01-02 11:09:36,0
CARD-0026,MER-011,65.00,2023-01-02 12:25:34,0
CARD-0014,MER-018,723.95,2023-01-02 22:31:33,0
CARD-0022,MER-017,58.95,2023-01-01 22:22:19,0
CARD-0005,MER-002,9.99,2023-01-02 19:59:53,0
CARD-0002,MER-003,37.64,2023-01-02 17:23:19,0
CARD-0077,MER-044,1.18,2023-01-01 18:58:27,0
CARD-0010,MER-010,131.43,2023-01-01 12:16:02,0
CARD-0019,MER-025,68.00,2023-01-02 18:23:47,0
CARD-0014,MER-012,2.69,2023-01-02 22:11:50,0
CARD-0009,MER-003,315.00,2023-01-02 11:03:45,0
CARD-0014,MER-021,167.45,2023-01-02 18:06:03,0
CARD-0012,MER-021,45.00,2023-01-02 08:58:57,0
CARD-0016,MER-008,1.29,2023-01-01 20:41:44,0
CARD-0022,MER-009,19.95,2023-01-01 12:31:25,0
CARD-0015,MER-006,33.52,2023-01-01 13:19:52,0
CARD-0011,MER-008,43.00,2023-01-01 23:12:08,0
CARD-0017,MER-001,15.21,2023-01-01 23:40:10,0
CARD-0009,MER-007,2.28,2023-01-02 17:52:43,0
CARD-0026,MER-020,79.00,2023-01-02 17:01:08,0
CARD-0022,MER-003,49.99,2023-01-02 16:32:59,0
CARD-0070,MER-033,9.98,2023-01-01 02:04:26,0
CARD-0017,MER-014,9.99,2023-01-01 21:40:22,0
CARD-0001,MER-017,7.70,2023-01-02 16:15:41,0
CARD-0013,MER-013,210.00,2023-01-02 06:29:52,0
CARD-0036,MER-034,30.00,2023-01-02 15:12:32,0
CARD-0024,MER-008,23.60,2023-01-02 16:08:16,0
CARD-0001,MER-025,58.88,2023-01-02 13:59:14,0
CARD-0019,MER-003,28.08,2023-01-01 11:01:28,0
CARD-0018,MER-006,4.63,2023-01-01 00:39:22,0
CARD-0005,MER-013,10.98,2023-01-01 00:39:22,0
CARD-0011,MER-003,31.88,2023-01-01 12:18:46,0
CARD-0005,MER-011,1.00,2023-01-01 14:32:47,0
CARD-0015,MER-005,31.45,2023-01-01 08:03:17,0
CARD-0025,MER-021,12.00,2023-01-02 19:06:53,0
CARD-0027,MER-018,32.95,2023-01-02 10:39:14,0
CARD-0016,MER-003,11.43,2023-01-01 14:33:03,0
CARD-0027,MER-010,1.29,2023-01-02 21:54:13,0
CARD-0018,MER-008,0.76,2023-01-01 19:01:58,0
CARD-0016,MER-017,17.50,2023-01-01 21:35:40,0
CARD-0009,MER-002,47.82,2023-01-01 14:25:15,0
CARD-0005,MER-002,42.02,2023-01-02 00:12:30,0
CARD-0011,MER-002,105.00,2023-01-02 09:28:08,0
CARD-0001,MER-017,45.21,2023-01-01 15:54:43,0
CARD-0004,MER-023,178.75,2023-01-01 19:56:39,0
CARD-0016,MER-014,94.02,2023-01-02 01:37:40,0
CARD-0016,MER-019,9.99,2023-01-01 20:38:05,0
CARD-0003,MER-010,219.45,2023-01-01 18:16:22,0
CARD-0014,MER-032,67.00,2023-01-01 05:47:53,0
CARD-0003,MER-019,46.47,2023-01-01 12:18:28,0
CARD-0004,MER-004,1.00,2023-01-02 18:52:36,0
CARD-0024,MER-004,15.84,2023-01-02 12:11:20,0
CARD-0028,MER-015,9.99,2023-01-02 19:19:23,0
CARD-0014,MER-004,24.35,2023-01-01 23:55:53,0
CARD-0019,MER-006,1.98,2023-01-01 13:53:24,0
CARD-0002,MER-012,1.98,2023-01-01 18:29:42,0
CARD-0015,MER-001,160.50,2023-01-02 21:06:06,0
CARD-0003,MER-007,215.00,2023-01-01 22:01:39,0
CARD-0013,MER-014,1.00,2023-01-01 23:03:55,0
CARD-0021,MER-025,163.24,2023-01-02 09:24:50,0
CARD-0004,MER-004,17.99,2023-01-02 14:25:16,0
CARD-0013,MER-040,87.13,2023-01-02 11:33:13,0
CARD-0040,MER-001,0.76,2023-01-02 13:05:57,0
CARD-0004,MER-011,12.99,2023-01-01 10:55:28,0
CARD-0009,MER-001,130.90,2023-01-01 22:10:24,0
CARD-0008,MER-022,264.86,2023-01-02 21:31:05,0
CARD-0029,MER-016,1.99,2023-01-02 21:00:47,0
CARD-0015,MER-001,3.92,2023-01-01 12:34:01,0
CARD-0024,MER-003,710.87,2023-01-01 08:17:21,0
CARD-0026,MER-020,39.00,2023-01-02 23:17:34,0
CARD-0002,MER-012,81.00,2023-01-01 12:38:18,0
CARD-0007,MER-036,12.99,2023-01-01 16:30:15,0
CARD-0002,MER-033,18.61,2023-01-02 14:07:16,0
CARD-0014,MER-016,12.90,2023-01-01 23:54:00,0
CARD-0039,MER-003,80.00,2023-01-01 17:27:11,0
CARD-0014,MER-016,15.00,2023-01-01 21:15:59,0
CARD-0018,MER-009,0.89,2023-01-01 11:58:30,0
CARD-0012,MER-003,386.75,2023-01-02 22:36:19,0
CARD-0006,MER-013,3.90,2023-01-02 13:11:31,0
CARD-0005,MER-007,171.71,2023-01-01 21:48:15,0
CARD-0012,MER-009,78.00,2023-01-01 18:41:30,0
CARD-0012,MER-003,1.00,2023-01-01 22:40:57,0
CARD-0007,MER-006,4.50,2023-01-01 23:06:34,0
CARD-0051,MER-064,0.76,2023-01-02 23:06:32,0
CARD-0001,MER-013,3.57,2023-01-01 01:33:29,0
CARD-0009,MER-005,1.79,2023-01-01 18:03:33,0
CARD-0033,MER-004,7.07,2023-01-02 21:32:34,0
CARD-0028,MER-015,0.89,2023-01-02 14:43:53,0
CARD-0013,MER-003,1.00,2023-01-01 23:30:30,0
CARD-0005,MER-009,219.00,2023-01-01 10:47:51,0
CARD-0006,MER-007,29.56,2023-01-01 15:02:15,0
CARD-0001,MER-002,23.67,2023-01-02 11:11:19,0
CARD-0014,MER-041,266.80,2023-01-02 16:33:22,0
CARD-0037,MER-034,1.00,2023-01-02 09:28:04,0
CARD-0006,MER-002,7.25,2023-01-02 15:56:20,0
CARD-0023,MER-004,40.00,2023-01-02 17:12:04,0
CARD-0011,MER-014,24.99,2023-01-02 05:34:27,0
CARD-0023,MER-003,15.95,2023-01-02 04:01:01,0
CARD-0020,MER-013,0.89,2023-01-01 05:50:47,0
CARD-0062,MER-025,111.68,2023-01-01 13:15:18,0
CARD-0019,MER-017,1.98,2023-01-01 07:24:15,0
CARD-0013,MER-057,3.80,2023-01-01 06:47:46,0
CARD-0014,MER-004,21.95,2023-01-01 19:36:36,0
CARD-0021,MER-002,39.00,2023-01-02 03:04:15,0
CARD-0016,MER-014,7.98,2023-01-01 11:15:44,0
CARD-0013,MER-009,228.45,2023-01-02 21:25:21,0
CARD-0020,MER-011,59.57,2023-01-02 22:42:05,0
CARD-0008,MER-031,7.08,2023-01-02 12:11:21,0
CARD-0029,MER-025,33.58,2023-01-02 07:47:52,0
CARD-0008,MER-024,144.37,2023-01-02 18:13:57,0
CARD-0002,MER-007,25.00,2023-01-01 19:43:17,0
CARD-0003,MER-015,1.00,2023-01-01 08:45:41,0
CARD-0011,MER-002,139.68,2023-01-02 09:23:28,0
CARD-0023,MER-021,59.36,2023-01-02 10:55:45,0
CARD-0050,MER-024,58.85,2023-01-02 18:19:56,0
CARD-0014,MER-018,112.00,2023-01-02 01:10:52,0
CARD-0016,MER-021,120.34,2023-01-02 22:11:20,0
CARD-0006,MER-027,2.99,2023-01-02 01:15:20,0
CARD-0028,MER-016,13.49,2023-01-02 21:11:28,0
CARD-0015,MER-032,12.16,2023-01-01 06:03:45,0
CARD-0013,MER-007,15.00,2023-01-01 07:46:10,0
CARD-0008,MER-006,506.00,2023-01-01 18:09:03,0
CARD-0023,MER-026,8.99,2023-01-01 19:48:23,0
CARD-0013,MER-004,7.40,2023-01-01 19:28:41,0
CARD-0004,MER-008,5.00,2023-01-02 00:22:50,0
CARD-0011,MER-018,39.49,2023-01-01 15:07:47,0
CARD-0001,MER-010,280.00,2023-01-01 11:35:22,0
CARD-0042,MER-009,230.00,2023-01-02 20:02:34,0
CARD-0015,MER-018,19.02,2023-01-01 13:41:47,0
CARD-0005,MER-011,25.79,2023-01-02 03:05:35,0
CARD-0020,MER-013,99.64,2023-01-02 11:45:25,0
CARD-0004,MER-005,30.89,2023-01-01 20:14:38,0
CARD-0020,MER-014,35.00,2023-01-02 09:46:12,0
CARD-0008,MER-008,18.00,2023-01-01 06:41:35,0
CARD-0003,MER-004,350.57,2023-01-01 08:55:16,0
CARD-0002,MER-031,9.13,2023-01-01 14:41:18,0
CARD-0015,MER-013,38.88,2023-01-01 20:04:05,0
CARD-0012,MER-017,45.00,2023-01-01 13:38:40,0
CARD-0003,MER-016,3.87,2023-01-01 14:41:43,0
CARD-0051,MER-008,2.27,2023-01-02 12:16:15,0
CARD-0010,MER-017,39.90,2023-01-01 15:16:42,0
CARD-0003,MER-003,2.45,2023-01-02 18:52:35,0
CARD-0015,MER-021,6.03,2023-01-01 00:41:03,0
CARD-0016,MER-001,28.00,2023-01-01 18:54:42,0
CARD-0002,MER-019,3.77,2023-01-02 13:12:41,0
CARD-0036,MER-002,9.43,2023-01-02 22:53:37,0
CARD-0014,MER-014,122.14,2023-01-02 21:19:06,0
CARD-0011,MER-006,9.99,2023-01-01 11:21:58,0
CARD-0007,MER-009,129.00,2023-01-01 17:11:36,0
CARD-0003,MER-028,279.97,2023-01-02 14:02:13,0
CARD-0014,MER-008,7.99,2023-01-01 15:25:46,0
CARD-0023,MER-019,159.00,2023-01-02 21:54:26,0
CARD-0013,MER-004,144.46,2023-01-01 10:59:07,0
CARD-0016,MER-022,122.27,2023-01-02 20:43:29,0
CARD-0001,MER-011,4.49,2023-01-02 14:17:43,0
CARD-0002,MER-011,1.22,2023-01-02 23:14:20,0
CARD-0001,MER-001,18.82,2023-01-02 23:22:32,0
CARD-0010,MER-005,0.79,2023-01-01 07:46:23,0
CARD-0027,MER-011,0.89,2023-01-02 12:21:14,0
CARD-0029,MER-008,10.62,2023-01-02 21:48:59,0
CARD-0022,MER-012,129.78,2023-01-01 12:36:32,0
CARD-0026,MER-021,45.29,2023-01-02 09:38:37,0
CARD-0022,MER-015,103.00,2023-01-02 18:19:05,0
CARD-0027,MER-014,5.99,2023-01-02 21:45:15,0
CARD-0031,MER-051,1.00,2023-01-02 12:28:34,0
CARD-0019,MER-025,30.00,2023-01-02 21:56:52,0
CARD-0022,MER-016,19.95,2023-01-02 12:10:47,0
CARD-0008,MER-024,62.00,2023-01-01 11:56:14,0
CARD-0013,MER-013,3.27,2023-01-02 11:17:40,0
CARD-0010,MER-009,8.99,2023-01-02 14:22:27,0
CARD-0005,MER-008,19.43,2023-01-02 00:44:58,0
CARD-0008,MER-010,400.00,2023-01-02 11:35:14,0
CARD-0018,MER-004,1.79,2023-01-01 08:18:46,0
CARD-0018,MER-028,49.99,2023-01-02 11:26:45,0
CARD-0020,MER-022,116.90,2023-01-01 22:36:22,0
CARD-0052,MER-008,272.65,2023-01-02 18:11:05,0
CARD-0021,MER-002,5.99,2023-01-01 21:07:42,0
CARD-0034,MER-003,500.00,2023-01-01 13:51:50,0
CARD-0009,MER-008,79.00,2023-01-01 21:27:02,0
CARD-0010,MER-009,6.26,2023-01-01 18:37:15,0
CARD-0008,MER-022,16.09,2023-01-01 17:05:02,0
CARD-0028,MER-013,0.99,2023-01-02 09:23:26,0
CARD-0025,MER-001,2.12,2023-01-02 06:49:26,0
CARD-0013,MER-015,32.32,2023-01-02 13:32:20,0
CARD-0012,MER-007,15.00,2023-01-01 19:44:42,0
CARD-0179,MER-033,209.03,2023-01-02 13:47:43,0
CARD-0026,MER-013,1.00,2023-01-02 11:13:48,0
CARD-0013,MER-011,17.99,2023-01-02 07:43:19,0
CARD-0026,MER-005,0.01,2023-01-02 02:31:06,0
CARD-0020,MER-027,17.00,2023-01-02 14:06:12,0
CARD-0019,MER-014,1.00,2023-01-02 12:56:49,0
CARD-0002,MER-002,301.27,2023-01-01 14:48:27,0
CARD-0023,MER-002,17.94,2023-01-02 10:31:36,0
CARD-0010,MER-008,1.98,2023-01-02 13:49:22,0
CARD-0002,MER-001,1.54,2023-01-02 12:43:58,0
CARD-0023,MER-018,1.00,2023-01-02 16:44:37,0
CARD-0013,MER-010,47.82,2023-01-01 10:27:29,0
CARD-0024,MER-002,12.86,2023-01-02 17:52:26,0
CARD-0019,MER-006,1.98,2023-01-01 07:58:04,0
CARD-0068,MER-027,0.92,2023-01-02 15:24:38,0
CARD-0002,MER-016,7.14,2023-01-01 00:41:58,0
CARD-0019,MER-014,85.00,2023-01-02 00:03:50,0
CARD-0014,MER-003,1.00,2023-01-01 22:02:36,0
CARD-0027,MER-022,0.00,2023-01-02 07:46:50,0
CARD-0005,MER-007,4.04,2023-01-02 09:55:11,0
CARD-0027,MER-011,1.98,2023-01-02 18:05:18,0
CARD-0023,MER-018,144.00,2023-01-02 15:43:18,0
CARD-0021,MER-016,689.00,2023-01-01 21:03:59,0
CARD-0013,MER-009,32.92,2023-01-01 21:04:23,0
CARD-0004,MER-008,440.00,2023-01-02 12:22:09,0
CARD-0016,MER-024,45.39,2023-01-01 20:40:57,0
CARD-0023,MER-009,11.50,2023-01-02 20:32:07,0
CARD-0026,MER-015,2.69,2023-01-02 17:35:06,0
CARD-0001,MER-018,10.99,2023-01-01 21:41:39,0
CARD-0019,MER-008,1.29,2023-01-01 17:47:18,0
CARD-0014,MER-003,1.00,2023-01-01 07:51:13,0
CARD-0018,MER-010,9.99,2023-01-01 17:22:03,0
CARD-0012,MER-004,24.12,2023-01-01 10:23:15,0
CARD-0019,MER-008,3.27,2023-01-01 00:42:23,0
CARD-0007,MER-003,4.49,2023-01-02 11:55:50,0
CARD-0005,MER-006,357.96,2023-01-01 21:58:26,0
CARD-0011,MER-041,225.27,2023-01-02 19:12:29,0
CARD-0028,MER-008,4.76,2023-01-02 03:47:22,0
CARD-0004,MER-022,22.06,2023-01-01 03:21:46,0
CARD-0007,MER-014,9.41,2023-01-01 20:50:44,0
CARD-0008,MER-008,50.00,2023-01-02 17:31:59,0
CARD-0006,MER-018,129.18,2023-01-02 15:44:48,0
CARD-0007,MER-009,1.78,2023-01-02 07:33:02,0
CARD-0019,MER-003,19.29,2023-01-02 21:15:11,0
CARD-0003,MER-006,71.95,2023-01-02 18:37:22,0
CARD-0002,MER-005,24.40,2023-01-02 11:50:58,0
CARD-0037,MER-024,1.46,2023-01-01 14:39:21,0
CARD-0021,MER-016,50.00,2023-01-02 14:17:04,0
CARD-0006,MER-004,55.33,2023-01-02 00:43:02,0
CARD-0024,MER-008,1.08,2023-01-02 19:38:33,0
CARD-0010,MER-014,69.99,2023-01-01 13:02:35,0
CARD-0002,MER-004,73.49,2023-01-02 12:42:42,0
CARD-0025,MER-012,90.38,2023-01-02 00:24:09,0
CARD-0015,MER-016,9.99,2023-01-01 19:14:00,0
CARD-0034,MER-001,682.89,2023-01-01 15:46:01,0
CARD-0013,MER-006,84.96,2023-01-01 14:35:09,0
CARD-0007,MER-017,80.00,2023-01-01 10:57:56,0
CARD-0002,MER-030,2.49,2023-01-01 22:49:36,0
CARD-0009,MER-011,14.92,2023-01-02 19:42:48,0
CARD-0010,MER-005,0.89,2023-01-02 12:18:47,0
CARD-0005,MER-005,212.58,2023-01-01 18:05:37,0
CARD-0020,MER-029,1.00,2023-01-02 00:26:16,0
CARD-0016,MER-017,15.93,2023-01-01 18:57:34,0
CARD-0024,MER-006,14.90,2023-01-02 18:08:48,0
CARD-0023,MER-002,25.19,2023-01-02 14:51:44,0
CARD-0001,MER-016,19.99,2023-01-01 00:42:56,0
CARD-0052,MER-037,1629.93,2023-01-02 15:32:15,0
CARD-0011,MER-009,79.98,2023-01-02 11:57:30,0
CARD-0003,MER-001,2.68,2023-01-02 12:38:57,0
CARD-0002,MER-004,7.23,2023-01-02 20:56:14,0
CARD-0003,MER-002,274.00,2023-01-01 18:12:40,0
CARD-0010,MER-006,139.00,2023-01-01 20:19:56,0
CARD-0058,MER-001,10.00,2023-01-01 09:18:27,0
CARD-0012,MER-009,76.00,2023-01-01 09:05:39,0
CARD-0008,MER-003,35.15,2023-01-01 08:20:47,0
CARD-0024,MER-016,74.44,2023-01-02 10:03:17,0
CARD-0002,MER-002,53.52,2023-01-02 09:09:24,0
CARD-0010,MER-031,12.99,2023-01-01 23:54:30,0
CARD-0018,MER-017,113.85,2023-01-02 10:16:55,0
CARD-0012,MER-015,13.00,2023-01-02 19:53:11,0
CARD-0016,MER-017,119.99,2023-01-02 15:40:59,0
CARD-0011,MER-010,243.23,2023-01-02 16:47:12,0
CARD-0014,MER-001,224.82,2023-01-02 10:16:25,0
CARD-0005,MER-054,7.56,2023-01-02 21:19:12,0
CARD-0026,MER-002,113.46,2023-01-02 18:24:17,0
CARD-0005,MER-020,7.61,2023-01-01 07:03:32,0
CARD-0021,MER-019,17.60,2023-01-02 19:14:49,0
CARD-0005,MER-008,7.99,2023-01-01 21:53:08,0
CARD-0018,MER-002,70.00,2023-01-02 15:52:16,0
CARD-0024,MER-003,18.93,2023-01-02 13:40:05,0
CARD-0005,MER-007,1.54,2023-01-01 20:56:40,0
CARD-0002,MER-004,1.98,2023-01-02 16:15:21,0
CARD-0008,MER-003,183.31,2023-01-01 04:01:56,0
CARD-0018,MER-004,15.95,2023-01-01 03:03:38,0
CARD-0010,MER-015,28.04,2023-01-02 19:25:35,0
CARD-0029,MER-023,15.00,2023-01-02 02:41:05,0
CARD-0023,MER-003,1.00,2023-01-02 21:09:01,0
CARD-0001,MER-034,47.03,2023-01-01 03:00:39,0
CARD-0006,MER-025,50.99,2023-01-02 12:36:42,0
CARD-0014,MER-013,100.00,2023-01-02 17:25:59,0
CARD-0025,MER-017,49.99,2023-01-02 19:33:27,0
CARD-0021,MER-005,394.19,2023-01-01 13:12:40,0
CARD-0001,MER-027,39.26,2023-01-02 13:05:36,0
CARD-0010,MER-008,48.95,2023-01-01 09:40:48,0
CARD-0012,MER-007,2.30,2023-01-02 18:38:36,0
CARD-0005,MER-012,13.50,2023-01-02 01:36:26,0
CARD-0015,MER-017,100.00,2023-01-02 14:57:48,0
CARD-0017,MER-004,191.30,2023-01-02 20:16:22,0
CARD-0009,MER-008,0.89,2023-01-01 19:57:38,0
CARD-0012,MER-017,1.00,2023-01-01 08:03:24,0
CARD-0015,MER-009,10.00,2023-01-02 11:08:38,0
CARD-0019,MER-010,89.40,2023-01-02 08:47:14,0
CARD-0020,MER-014,0.89,2023-01-01 08:17:09,0
CARD-0010,MER-025,141.00,2023-01-02 14:03:47,0
CARD-0024,MER-003,11.50,2023-01-02 00:05:46,0
CARD-0002,MER-009,9.42,2023-01-01 21:58:53,0
CARD-0002,MER-020,3.79,2023-01-02 00:58:06,0
CARD-0003,MER-026,539.66,2023-01-02 00:03:10,0
CARD-0005,MER-013,5.51,2023-01-01 23:51:35,0
CARD-0002,MER-018,0.77,2023-01-02 11:19:16,0
CARD-0007,MER-028,23.98,2023-01-01 21:08:25,0
CARD-0020,MER-011,39.04,2023-01-02 14:42:46,0
CARD-0020,MER-007,96.00,2023-01-02 19:58:38,0
CARD-0063,MER-007,0.77,2023-01-02 14:13:31,0
CARD-0014,MER-004,11.85,2023-01-01 05:44:34,0
CARD-0025,MER-023,17.00,2023-01-02 13:16:41,0
CARD-0011,MER-007,2.69,2023-01-01 19:10:15,0
CARD-0007,MER-003,0.89,2023-01-02 13:31:07,0
CARD-0006,MER-004,145.75,2023-01-02 16:13:07,0
CARD-0004,MER-017,2.69,2023-01-01 02:19:03,0
CARD-0006,MER-032,18.67,2023-01-01 00:44:09,0
CARD-0023,MER-004,751.93,2023-01-02 18:55:50,0
CARD-0002,MER-017,178.80,2023-01-01 18:07:56,0
CARD-0028,MER-010,19.38,2023-01-02 19:35:41,0
CARD-0018,MER-001,2.00,2023-01-01 20:16:22,0
CARD-0008,MER-001,42.00,2023-01-02 08:53:34,0
CARD-0013,MER-012,50.00,2023-01-01 13:17:24,0
CARD-0005,MER-007,20.19,2023-01-02 08:22:08,0
CARD-0007,MER-009,16.06,2023-01-02 21:29:50,0
CARD-0008,MER-010,128.14,2023-01-01 09:39:02,0
CARD-0014,MER-006,11.85,2023-01-01 05:59:58,0
CARD-0011,MER-004,56.96,2023-01-01 18:22:08,0
CARD-0013,MER-023,99.95,2023-01-01 13:59:59,0
CARD-0016,MER-011,52.00,2023-01-01 09:53:06,0
CARD-0013,MER-006,510.15,2023-01-01 00:44:23,0
CARD-0011,MER-005,500.00,2023-01-01 00:44:23,0
CARD-0003,MER-015,4.26,2023-01-01 22:27:04,0
CARD-0004,MER-022,15.00,2023-01-02 16:42:25,0
CARD-0005,MER-009,229.78,2023-01-01 16:18:49,0
CARD-0013,MER-008,14.00,2023-01-01 21:42:57,0
CARD-0020,MER-006,12.06,2023-01-02 17:28:26,0
CARD-0022,MER-014,58.95,2023-01-02 11:56:36,0
CARD-0002,MER-007,223.36,2023-01-01 18:37:54,0
CARD-0023,MER-005,98.36,2023-01-02 15:43:13,0
CARD-0004,MER-029,30.39,2023-01-01 12:46:56,0
CARD-0018,MER-014,207.66,2023-01-02 01:29:33,0
CARD-0014,MER-009,29.99,2023-01-01 07:39:14,0
CARD-0017,MER-011,63.90,2023-01-02 18:58:21,0
CARD-0003,MER-026,13.56,2023-01-01 00:44:44,0
CARD-0059,MER-021,41.00,2023-01-02 13:52:37,0
CARD-0012,MER-015,28.75,2023-01-01 11:24:55,0
CARD-0020,MER-025,69.00,2023-01-02 08:43:38,0
CARD-0005,MER-001,47.00,2023-01-01 07:06:29,0
CARD-0017,MER-005,26.10,2023-01-01 08:18:18,0
CARD-0022,MER-026,15.00,2023-01-02 09:18:08,0
CARD-0025,MER-029,143.03,2023-01-01 09:24:27,0
CARD-0020,MER-018,28.88,2023-01-01 10:02:31,0
CARD-0011,MER-002,69.50,2023-01-01 17:42:01,0
CARD-0006,MER-011,4.99,2023-01-02 16:06:56,0
CARD-0017,MER-012,105.17,2023-01-01 23:38:32,0
CARD-0026,MER-017,1.00,2023-01-02 07:24:53,0
CARD-0013,MER-001,26.45,2023-01-01 12:57:52,0
CARD-0014,MER-033,29.99,2023-01-01 22:38:05,0
CARD-0007,MER-014,328.32,2023-01-02 09:58:25,0
CARD-0028,MER-027,8.78,2023-01-02 06:11:26,0
CARD-0011,MER-009,25.00,2023-01-01 20:42:30,0
CARD-0001,MER-003,8.99,2023-01-01 20:19:16,0
CARD-0018,MER-019,10.97,2023-01-01 12:24:08,0
CARD-0006,MER-010,69.99,2023-01-02 21:44:40,0
CARD-0003,MER-034,6.71,2023-01-02 20:25:30,0
CARD-0009,MER-020,11.99,2023-01-01 18:17:57,0
CARD-0013,MER-012,26.99,2023-01-01 08:33:27,0
CARD-0005,MER-014,98.90,2023-01-02 22:16:53,0
CARD-0028,MER-014,6.99,2023-01-02 19:50:11,0
CARD-0024,MER-019,23.92,2023-01-02 12:31:04,0
CARD-0018,MER-004,2.69,2023-01-01 10:45:50,0
CARD-0027,MER-010,1.98,2023-01-02 11:48:19,0
CARD-0014,MER-009,4.05,2023-01-01 11:03:23,0
CARD-0031,MER-014,1.00,2023-01-02 21:58:08,0
CARD-0055,MER-067,0.89,2023-01-02 22:33:00,0
CARD-0030,MER-028,47.60,2023-01-02 16:33:05,0
CARD-0002,MER-020,571.20,2023-01-02 18:33:54,0
CARD-0020,MER-018,44.96,2023-01-02 09:47:47,0
CARD-0011,MER-011,0.77,2023-01-01 10:09:12,0
CARD-0024,MER-019,982.00,2023-01-02 10:40:20,0
CARD-0002,MER-018,17.99,2023-01-01 11:16:07,0
CARD-0038,MER-026,501.38,2023-01-01 14:58:33,0
CARD-0017,MER-007,15.95,2023-01-01 03:04:27,0
CARD-0005,MER-004,5.00,2023-01-01 17:14:38,0
CARD-0016,MER-015,28.93,2023-01-01 12:58:47,0
CARD-0008,MER-004,1.29,2023-01-02 10:01:22,0
CARD-0016,MER-010,7.00,2023-01-01 12:48:56,0
CARD-0007,MER-010,1.98,2023-01-02 18:02:39,0
CARD-0019,MER-006,0.89,2023-01-01 19:24:41,0
CARD-0011,MER-022,1.50,2023-01-01 11:54:17,0
CARD-0012,MER-016,212.00,2023-01-01 16:33:33,0
CARD-0005,MER-001,29.23,2023-01-02 06:22:24,0
CARD-0029,MER-029,170.00,2023-01-01 09:53:09,0
CARD-0012,MER-016,169.24,2023-01-02 08:06:08,0
CARD-0013,MER-007,4.00,2023-01-01 16:15:09,0
CARD-0076,MER-022,1.18,2023-01-01 20:48:36,0
CARD-0019,MER-025,77.26,2023-01-02 18:56:02,0
CARD-0036,MER-004,301.83,2023-01-01 17:17:48,0
CARD-0006,MER-006,4.37,2023-01-01 13:11:32,0
CARD-0002,MER-016,81.40,2023-01-01 09:38:34,0
CARD-0007,MER-002,4.99,2023-01-02 20:23:06,0
CARD-0023,MER-002,14.95,2023-01-02 03:03:29,0
CARD-0024,MER-002,15.97,2023-01-02 09:29:38,0
CARD-0003,MER-014,4.49,2023-01-01 10:34:43,0
CARD-0010,MER-013,1.00,2023-01-01 21:39:09,0
CARD-0013,MER-009,7.76,2023-01-01 15:13:48,0
CARD-0006,MER-030,333.46,2023-01-02 13:27:02,0
CARD-0005,MER-017,9.49,2023-01-02 17:25:15,0
CARD-0028,MER-015,0.89,2023-01-02 19:17:31,0
CARD-0004,MER-012,4.50,2023-01-01 22:19:27,0
CARD-0014,MER-043,0.70,2023-01-01 16:53:12,0
CARD-0021,MER-006,11.50,2023-01-02 13:30:19,0
CARD-0079,MER-021,400.00,2023-01-02 08:22:39,0
CARD-0016,MER-008,51.40,2023-01-01 13:15:27,0
CARD-0003,MER-011,109.00,2023-01-01 10:26:16,0
CARD-0004,MER-006,0.12,2023-01-02 21:08:14,0
CARD-0016,MER-026,59.45,2023-01-01 10:18:58,0
CARD-0016,MER-011,4.80,2023-01-02 20:19:29,0
CARD-0001,MER-002,0.89,2023-01-02 20:27:28,0
CARD-0005,MER-005,360.58,2023-01-01 16:50:43,0
CARD-0025,MER-007,64.00,2023-01-01 16:18:32,0
CARD-0003,MER-008,200.00,2023-01-01 19:45:30,0
CARD-0004,MER-007,32.00,2023-01-01 14:08:04,0
CARD-0036,MER-013,1000.00,2023-01-01 15:49:02,0
CARD-0003,MER-022,9.99,2023-01-01 06:32:09,0
CARD-0016,MER-007,238.80,2023-01-01 17:02:18,0
CARD-0029,MER-016,0.89,2023-01-02 23:02:50,0
CARD-0006,MER-009,159.08,2023-01-01 17:49:55,0
CARD-0012,MER-028,30.33,2023-01-01 11:04:59,0
CARD-0001,MER-028,10.62,2023-01-01 13:17:44,0
CARD-0004,MER-001,1.00,2023-01-01 00:46:26,0
CARD-0009,MER-011,4.49,2023-01-01 17:10:13,0
CARD-0050,MER-024,257.40,2023-01-01 05:25:12,0
CARD-0042,MER-021,3.59,2023-01-01 21:32:20,0
CARD-0024,MER-008,6.18,2023-01-02 10:17:19,0
CARD-0023,MER-019,73.93,2023-01-02 09:26:56,0
CARD-0012,MER-022,265.00,2023-01-02 21:59:38,0
CARD-0008,MER-032,31.00,2023-01-02 16:27:25,0
CARD-0026,MER-017,19.99,2023-01-02 18:32:23,0
CARD-0029,MER-027,25.65,2023-01-02 10:03:14,0
CARD-0016,MER-031,149.99,2023-01-02 09:29:59,0
CARD-0022,MER-004,1.00,2023-01-01 20:51:15,0
CARD-0027,MER-011,1.29,2023-01-02 21:29:31,0
CARD-0046,MER-002,1210.95,2023-01-01 08:34:00,0
CARD-0018,MER-022,151.33,2023-01-02 16:25:03,0
CARD-0007,MER-009,126.44,2023-01-01 20:31:09,0
CARD-0226,MER-023,152.65,2023-01-02 09:40:26,0
CARD-0006,MER-038,22.76,2023-01-02 07:06:02,0
CARD-0004,MER-008,269.00,2023-01-01 10:23:57,0
CARD-0017,MER-025,23.22,2023-01-01 16:35:21,0
CARD-0003,MER-013,6.45,2023-01-01 12:46:47,0
CARD-0012,MER-003,39.99,2023-01-01 07:02:05,0
CARD-0018,MER-002,0.49,2023-01-01 18:22:04,0
CARD-0014,MER-019,4.99,2023-01-01 10:06:33,0
CARD-0019,MER-029,4.58,2023-01-02 22:58:20,0
CARD-0007,MER-018,87.50,2023-01-02 14:35:16,0
CARD-0024,MER-023,120.43,2023-01-02 06:33:02,0
CARD-0017,MER-012,107.10,2023-01-02 02:23:16,0
CARD-0016,MER-003,0.99,2023-01-01 17:30:48,0
CARD-0028,MER-015,1.29,2023-01-02 22:12:39,0
CARD-0003,MER-007,166.00,2023-01-01 09:49:48,0
CARD-0019,MER-006,116.80,2023-01-02 22:07:43,0
CARD-0002,MER-001,0.99,2023-01-02 03:12:08,0
CARD-0016,MER-020,19.94,2023-01-01 01:15:55,0
CARD-0014,MER-004,8.00,2023-01-01 05:31:50,0
CARD-0015,MER-006,150.00,2023-01-02 16:56:33,0
CARD-0001,MER-012,49.99,2023-01-02 15:20:29,0
CARD-0020,MER-020,7.60,2023-01-01 14:20:42,0
CARD-0023,MER-029,7.00,2023-01-02 18:17:03,0
CARD-0032,MER-007,130.00,2023-01-02 08:52:26,0
CARD-0009,MER-011,85.65,2023-01-01 13:59:13,0
CARD-0006,MER-022,338.27,2023-01-02 10:25:29,0
CARD-0051,MER-022,83.03,2023-01-02 18:06:18,0
CARD-0001,MER-014,7.50,2023-01-02 19:31:02,0
CARD-0006,MER-001,21.14,2023-01-02 07:00:18,0
CARD-0022,MER-024,28.00,2023-01-02 21:13:33,0
CARD-0023,MER-018,6.05,2023-01-02 13:41:56,0
CARD-0021,MER-007,0.89,2023-01-01 18:12:52,0
CARD-0004,MER-009,73.75,2023-01-01 13:43:08,0
CARD-0021,MER-017,148.56,2023-01-02 01:27:24,0
CARD-0008,MER-002,20.00,2023-01-01 18:51:47,0
CARD-0081,MER-058,10.59,2023-01-01 21:16:53,0
CARD-0008,MER-003,19.95,2023-01-02 09:16:32,0
CARD-0021,MER-002,19.38,2023-01-02 15:39:17,0
CARD-0024,MER-018,72.98,2023-01-02 11:43:26,0
CARD-0054,MER-022,16.45,2023-01-01 13:01:33,0
CARD-0017,MER-014,19.54,2023-01-02 14:12:13,0
CARD-0004,MER-003,0.89,2023-01-02 13:18:38,0
CARD-0010,MER-010,17.49,2023-01-01 08:13:45,0
CARD-0010,MER-033,186.52,2023-01-02 08:03:35,0
CARD-0011,MER-016,73.95,2023-01-01 16:35:24,0
CARD-0001,MER-025,67.46,2023-01-01 00:46:54,0
CARD-0025,MER-031,150.00,2023-01-02 12:48:49,0
CARD-0005,MER-013,3.69,2023-01-01 09:34:30,0
CARD-0014,MER-008,73.61,2023-01-01 08:38:34,0
CARD-0004,MER-009,8.45,2023-01-02 18:14:22,0
CARD-0020,MER-004,8.99,2023-01-01 19:33:21,0
CARD-0010,MER-003,60.50,2023-01-01 18:30:50,0
CARD-0001,MER-019,4.49,2023-01-01 09:47:23,0
CARD-0015,MER-014,134.45,2023-01-02 11:04:28,0
CARD-0122,MER-051,68.18,2023-01-01 13:57:16,0
CARD-0005,MER-030,15.74,2023-01-01 11:30:00,0
CARD-0026,MER-019,4.00,2023-01-02 16:26:51,0
CARD-0014,MER-005,1.00,2023-01-01 18:44:09,0
CARD-0006,MER-008,29.95,2023-01-02 18:20:10,0
CARD-0042,MER-015,405.60,2023-01-01 09:53:00,0
CARD-0005,MER-003,171.30,2023-01-01 07:42:08,0
CARD-0007,MER-023,18.88,2023-01-02 08:18:59,0
CARD-0016,MER-003,18.93,2023-01-01 21:10:09,0
CARD-0007,MER-015,7.87,2023-01-01 16:07:07,0
CARD-0014,MER-021,145.98,2023-01-02 17:27:48,0
CARD-0013,MER-005,12.57,2023-01-02 10:46:07,0
CARD-0020,MER-003,0.76,2023-01-01 00:47:13,0
CARD-0020,MER-024,12.00,2023-01-02 20:55:11,0
CARD-0010,MER-035,15.17,2023-01-01 06:33:53,0
CARD-0012,MER-001,110.00,2023-01-01 12:30:48,0
CARD-0001,MER-008,365.40,2023-01-01 22:08:35,0
CARD-0003,MER-003,88.06,2023-01-02 07:14:54,0
CARD-0032,MER-012,21.13,2023-01-01 13:52:11,0
CARD-0001,MER-017,39.90,2023-01-01 14:44:17,0
CARD-0009,MER-001,15.00,2023-01-02 13:43:51,0
CARD-0009,MER-026,248.00,2023-01-02 10:31:17,0
CARD-0027,MER-011,3.99,2023-01-02 21:03:57,0
CARD-0009,MER-024,1.29,2023-01-01 09:55:33,0
CARD-0049,MER-030,567.47,2023-01-02 06:41:10,0
CARD-0019,MER-011,285.70,2023-01-01 12:04:24,0
CARD-0004,MER-003,0.89,2023-01-01 21:45:11,0
CARD-0016,MER-044,111.98,2023-01-02 11:38:21,0
CARD-0004,MER-025,11.11,2023-01-01 16:54:43,0
CARD-0019,MER-005,1.00,2023-01-01 10:05:41,0
CARD-0024,MER-020,19.95,2023-01-02 14:17:23,0
CARD-0003,MER-003,6.15,2023-01-02 20:04:16,0
CARD-0001,MER-020,14.95,2023-01-01 03:03:08,0
CARD-0010,MER-018,1.79,2023-01-01 21:26:44,0
CARD-0011,MER-017,61.49,2023-01-01 12:40:36,0
CARD-0014,MER-011,21.95,2023-01-01 09:56:31,0
CARD-0010,MER-021,190.16,2023-01-01 14:41:13,0
CARD-0010,MER-028,11.50,2023-01-01 18:23:16,0
CARD-0026,MER-022,9.99,2023-01-02 21:17:49,0
CARD-0017,MER-022,10.65,2023-01-01 10:41:42,0
CARD-0102,MER-026,11.85,2023-01-01 05:24:34,0
CARD-0004,MER-001,1.79,2023-01-02 19:10:10,0
CARD-0019,MER-004,1.98,2023-01-01 15:38:25,0
CARD-0019,MER-014,52.98,2023-01-02 19:09:16,0
CARD-0029,MER-015,0.89,2023-01-02 13:48:26,0
CARD-0012,MER-030,40.82,2023-01-01 11:53:10,0
CARD-0049,MER-029,1214.35,2023-01-01 18:55:09,0
CARD-0013,MER-008,39.00,2023-01-01 04:01:11,0
CARD-0023,MER-023,35.85,2023-01-02 20:35:16,0
CARD-0007,MER-015,72.00,2023-01-01 07:54:51,0
CARD-0017,MER-006,40.00,2023-01-02 13:23:39,0
CARD-0028,MER-012,1.00,2023-01-02 09:25:16,0
CARD-0006,MER-007,0.76,2023-01-01 10:00:25,0
CARD-0023,MER-022,15.21,2023-01-01 14:47:30,0
CARD-0076,MER-004,500.74,2023-01-02 10:39:01,0
CARD-0007,MER-021,27.40,2023-01-01 11:56:29,0
CARD-0023,MER-011,17.99,2023-01-02 21:55:55,0
CARD-0022,MER-032,59.94,2023-01-02 11:30:15,0
CARD-0015,MER-029,218.41,2023-01-02 11:00:11,0
CARD-0010,MER-016,1.50,2023-01-02 10:42:32,0
CARD-0017,MER-016,451.83,2023-01-01 16:57:50,0
CARD-0001,MER-014,10.99,2023-01-02 09:40:15,0
CARD-0023,MER-003,9.99,2023-01-02 21:52:58,0
CARD-0013,MER-001,8.91,2023-01-02 05:33:24,0
CARD-0004,MER-009,0.89,2023-01-01 09:24:00,0
CARD-0005,MER-004,168.31,2023-01-01 17:02:49,0
CARD-0003,MER-011,0.12,2023-01-02 18:53:03,0
CARD-0062,MER-062,99.99,2023-01-01 11:05:47,0
CARD-0014,MER-042,172.06,2023-01-02 04:22:47,0
CARD-0004,MER-010,2.28,2023-01-01 18:43:22,0
CARD-0001,MER-024,44.96,2023-01-01 18:25:06,0
CARD-0001,MER-014,9.87,2023-01-01 02:35:27,0
CARD-0020,MER-004,70.00,2023-01-01 18:50:58,0
CARD-0014,MER-024,308.39,2023-01-02 23:50:30,0
CARD-0015,MER-006,8.11,2023-01-01 21:39:14,0
CARD-0123,MER-053,3075.00,2023-01-02 07:53:41,0
CARD-0001,MER-001,0.89,2023-01-02 14:55:37,0
CARD-0018,MER-005,44.81,2023-01-01 22:46:24,0
CARD-0007,MER-036,3.05,2023-01-02 13:44:17,0
CARD-0076,MER-031,650.00,2023-01-02 09:33:31,0
CARD-0003,MER-016,9.07,2023-01-01 07:53:57,0
CARD-0069,MER-026,294.44,2023-01-01 13:57:27,0
CARD-0017,MER-021,127.88,2023-01-01 22:14:18,0
CARD-0014,MER-017,9.95,2023-01-01 19:02:28,0
CARD-0004,MER-008,109.00,2023-01-02 22:08:57,0
CARD-0022,MER-008,5.74,2023-01-02 15:19:21,0
CARD-0006,MER-001,37.09,2023-01-02 20:23:44,0
CARD-0010,MER-010,21.95,2023-01-01 18:08:40,0
CARD-0012,MER-008,24.95,2023-01-01 20:08:04,0
CARD-0050,MER-048,1749.59,2023-01-01 22:47:07,0
CARD-0013,MER-015,45.00,2023-01-01 16:38:00,0
CARD-0012,MER-008,31.35,2023-01-01 19:18:38,0
CARD-0001,MER-016,39.99,2023-01-02 09:33:19,0
CARD-0003,MER-014,2.68,2023-01-01 03:01:35,0
CARD-0019,MER-008,35.90,2023-01-02 09:34:12,0
CARD-0019,MER-011,224.39,2023-01-02 00:51:56,0
CARD-0003,MER-003,1.00,2023-01-01 00:48:33,0
CARD-0014,MER-001,8.56,2023-01-01 21:44:56,0
CARD-0001,MER-029,151.32,2023-01-01 18:06:04,0
CARD-0017,MER-009,0.99,2023-01-01 00:48:34,0
CARD-0004,MER-010,0.99,2023-01-01 20:09:50,0
CARD-0009,MER-005,4.49,2023-01-02 15:09:32,0
CARD-0023,MER-037,112.00,2023-01-02 15:59:33,0
CARD-0013,MER-001,104.46,2023-01-02 11:29:45,0
CARD-0027,MER-015,2.69,2023-01-02 16:57:34,0
CARD-0024,MER-021,112.20,2023-01-02 18:14:00,0
CARD-0032,MER-009,134.99,2023-01-01 09:10:30,0
CARD-0002,MER-012,500.00,2023-01-02 18:00:37,0
CARD-0009,MER-011,71.85,2023-01-01 21:35:52,0
CARD-0010,MER-005,79.79,2023-01-01 07:12:59,0
CARD-0034,MER-033,99.99,2023-01-01 11:00:29,0
CARD-0003,MER-025,1.00,2023-01-01 14:11:27,0
CARD-0021,MER-026,157.72,2023-01-01 12:11:28,0
CARD-0017,MER-002,99.90,2023-01-02 20:12:54,0
CARD-0003,MER-013,11.99,2023-01-01 19:29:38,0
CARD-0025,MER-008,107.00,2023-01-02 17:22:49,0
CARD-0030,MER-014,10.00,2023-01-02 22:39:42,0
CARD-0002,MER-019,2.69,2023-01-01 17:16:12,0
CARD-0002,MER-009,72.40,2023-01-02 23:53:13,0
CARD-0039,MER-053,34.83,2023-01-02 14:42:14,0
CARD-0014,MER-007,89.40,2023-01-01 15:01:20,0
CARD-0049,MER-064,4.65,2023-01-02 14:43:40,0
CARD-0025,MER-005,1.79,2023-01-01 07:46:43,0
CARD-0031,MER-007,117.94,2023-01-01 14:49:31,0
CARD-0001,MER-023,55.47,2023-01-02 22:34:50,0
CARD-0011,MER-021,208.80,2023-01-02 10:30:37,0
CARD-0011,MER-004,118.70,2023-01-01 16:46:36,0
CARD-0011,MER-011,36.97,2023-01-01 16:18:00,0
CARD-0036,MER-001,152.65,2023-01-02 17:00:26,0
CARD-0039,MER-028,3.95,2023-01-01 20:40:32,0
CARD-0020,MER-021,3.00,2023-01-01 18:46:44,0
CARD-0014,MER-027,594.96,2023-01-01 21:41:21,0
CARD-0088,MER-030,105.00,2023-01-01 19:00:48,0
CARD-0012,MER-002,720.00,2023-01-02 12:08:17,0
CARD-0015,MER-008,13.99,2023-01-01 14:06:50,0
CARD-0008,MER-010,86.86,2023-01-01 13:41:30,0
CARD-0019,MER-019,172.93,2023-01-02 21:23:31,0
CARD-0012,MER-005,28.00,2023-01-01 22:07:03,0
CARD-0006,MER-002,36.78,2023-01-01 17:11:34,0
CARD-0023,MER-030,60.44,2023-01-02 15:31:51,0
CARD-0011,MER-012,11.41,2023-01-01 18:02:41,0
CARD-0009,MER-020,54.60,2023-01-01 22:12:53,0
CARD-0016,MER-007,58.00,2023-01-01 11:09:33,0
CARD-0024,MER-022,25.00,2023-01-02 13:13:07,0
CARD-0009,MER-003,0.89,2023-01-02 19:29:11,0
CARD-0027,MER-015,1.00,2023-01-02 18:58:42,0
CARD-0001,MER-003,101.95,2023-01-01 18:51:11,0
CARD-0027,MER-017,19.17,2023-01-02 15:36:59,0
CARD-0024,MER-009,3.80,2023-01-01 16:33:30,0
CARD-0007,MER-051,39.84,2023-01-01 08:10:14,0
CARD-0021,MER-018,52.87,2023-01-01 11:46:14,0
CARD-0011,MER-010,39.10,2023-01-01 12:06:38,0
CARD-0015,MER-012,22.03,2023-01-01 16:46:54,0
CARD-0025,MER-019,1.98,2023-01-02 20:55:20,0
CARD-0002,MER-005,109.25,2023-01-01 17:23:10,0
CARD-0017,MER-019,255.00,2023-01-02 10:16:08,0
CARD-0010,MER-004,79.00,2023-01-01 17:44:51,0
CARD-0004,MER-007,0.89,2023-01-02 20:02:40,0
CARD-0013,MER-012,10.00,2023-01-01 11:47:35,0
CARD-0023,MER-001,28.42,2023-01-02 13:12:38,0
CARD-0018,MER-006,23.08,2023-01-01 23:04:30,0
CARD-0003,MER-015,2.69,2023-01-01 23:47:34,0
CARD-0016,MER-017,0.00,2023-01-01 14:54:50,0
CARD-0014,MER-004,42.35,2023-01-01 11:34:39,0
CARD-0011,MER-021,185.37,2023-01-02 17:18:45,0
CARD-0029,MER-011,2.00,2023-01-01 20:34:38,0
CARD-0023,MER-004,191.00,2023-01-01 10:50:06,0
CARD-0019,MER-024,12.00,2023-01-02 10:18:48,0
CARD-0004,MER-015,85.15,2023-01-01 10:18:43,0
CARD-0006,MER-001,8.40,2023-01-01 12:34:40,0
CARD-0009,MER-005,24.98,2023-01-01 06:06:36,0
CARD-0002,MER-017,4.99,2023-01-01 19:05:46,0
CARD-0010,MER-020,237.49,2023-01-02 21:29:43,0
CARD-0025,MER-015,29.95,2023-01-02 08:24:42,0
CARD-0007,MER-016,20.10,2023-01-01 14:48:50,0
CARD-0017,MER-003,29.94,2023-01-01 22:06:37,0
CARD-0023,MER-003,5.00,2023-01-02 17:22:07,0
CARD-0014,MER-009,81.00,2023-01-01 12:01:16,0
CARD-0011,MER-010,350.40,2023-01-02 07:24:15,0
CARD-0018,MER-014,18.99,2023-01-01 18:24:40,0
CARD-0025,MER-012,48.75,2023-01-02 13:17:02,0
CARD-0004,MER-004,0.99,2023-01-02 16:25:26,0
CARD-0009,MER-040,0.76,2023-01-02 13:44:45,0
CARD-0021,MER-016,4.58,2023-01-01 21:16:17,0
CARD-0004,MER-010,111.28,2023-01-01 22:36:48,0
CARD-0003,MER-006,2.98,2023-01-02 16:47:43,0
CARD-0011,MER-002,54.99,2023-01-02 17:47:26,0
CARD-0027,MER-010,1.79,2023-01-02 00:05:01,0
CARD-0024,MER-017,97.63,2023-01-02 15:04:37,0
CARD-0003,MER-006,13.58,2023-01-02 13:11:06,0
CARD-0063,MER-024,261.78,2023-01-01 08:45:06,0
CARD-0012,MER-004,149.90,2023-01-02 20:23:12,0
CARD-0009,MER-017,1.00,2023-01-01 15:58:33,0
CARD-0017,MER-002,102.00,2023-01-02 16:49:57,0
CARD-0004,MER-023,338.83,2023-01-01 09:50:22,0
CARD-0002,MER-016,11.99,2023-01-02 15:19:13,0
CARD-0004,MER-012,21.00,2023-01-02 03:03:06,0
CARD-0006,MER-007,15.27,2023-01-02 15:23:32,0
CARD-0007,MER-009,0.99,2023-01-02 11:38:19,0
CARD-0028,MER-006,673.92,2023-01-02 17:19:46,0
CARD-0022,MER-018,149.00,2023-01-02 17:30:22,0
CARD-0025,MER-012,38.65,2023-01-02 09:31:14,0
CARD-0103,MER-018,152.74,2023-01-01 23:54:03,0
CARD-0012,MER-014,187.64,2023-01-01 20:33:40,0
CARD-0016,MER-014,106.00,2023-01-01 10:32:02,0
CARD-0006,MER-011,9.95,2023-01-01 17:27:45,0
CARD-0089,MER-025,360.00,2023-01-01 22:08:42,0
CARD-0028,MER-011,123.87,2023-01-01 22:30:46,0
CARD-0014,MER-001,7.41,2023-01-02 22:12:53,0
CARD-0003,MER-020,165.70,2023-01-02 14:24:17,0
CARD-0011,MER-019,249.00,2023-01-02 11:37:41,0
CARD-0007,MER-007,81.19,2023-01-01 14:24:17,0
CARD-0023,MER-021,77.00,2023-01-02 17:44:44,0
CARD-0003,MER-013,2.67,2023-01-01 09:28:32,0
CARD-0006,MER-010,374.00,2023-01-01 10:14:15,0
CARD-0008,MER-007,7.84,2023-01-02 20:17:40,0
CARD-0007,MER-005,140.00,2023-01-01 12:36:01,0
CARD-0007,MER-030,1.51,2023-01-01 13:48:38,0
CARD-0003,MER-012,312.89,2023-01-02 16:26:54,0
CARD-0014,MER-029,28.52,2023-01-01 10:30:55,0
CARD-0030,MER-011,53.00,2023-01-02 15:17:31,0
CARD-0015,MER-012,40.00,2023-01-01 14:52:43,0
CARD-0014,MER-005,337.47,2023-01-01 17:05:45,0
CARD-0006,MER-002,22.00,2023-01-02 07:48:25,0
CARD-0012,MER-007,19.54,2023-01-01 17:09:21,0
CARD-0007,MER-006,1.99,2023-01-02 13:01:57,0
CARD-0002,MER-014,26.68,2023-01-01 10:19:04,0
CARD-0004,MER-012,6.79,2023-01-01 20:17:13,0
CARD-0007,MER-005,8.14,2023-01-02 12:08:41,0
CARD-0022,MER-021,15.00,2023-01-02 12:08:46,0
CARD-0016,MER-020,113.60,2023-01-02 10:17:03,0
CARD-0012,MER-003,29.95,2023-01-01 13:07:56,0
CARD-0017,MER-013,5.00,2023-01-01 13:33:34,0
CARD-0006,MER-002,2.58,2023-01-02 21:57:20,0
CARD-0017,MER-041,1.00,2023-01-01 16:32:44,0
CARD-0011,MER-011,63.00,2023-01-01 14:48:55,0
CARD-0029,MER-034,3.60,2023-01-02 19:38:44,0
CARD-0046,MER-014,48.90,2023-01-02 19:18:12,0
CARD-0013,MER-027,5.00,2023-01-02 12:20:00,0
CARD-0007,MER-018,56.00,2023-01-01 21:44:06,0
CARD-0027,MER-011,1.98,2023-01-02 09:23:29,0
CARD-0013,MER-019,44.00,2023-01-01 07:18:38,0
CARD-0009,MER-024,97.58,2023-01-01 12:40:43,0
CARD-0161,MER-066,8.62,2023-01-02 16:00:19,0
CARD-0007,MER-004,0.89,2023-01-02 06:46:48,0
CARD-0010,MER-015,10.00,2023-01-01 18:03:53,0
CARD-0018,MER-007,8.99,2023-01-01 17:39:34,0
CARD-0004,MER-028,2.35,2023-01-01 14:00:00,0
CARD-0015,MER-006,90.00,2023-01-01 22:24:59,0
CARD-0002,MER-017,238.41,2023-01-01 13:00:19,0
CARD-0012,MER-004,69.65,2023-01-01 14:23:50,0
CARD-0013,MER-002,19.95,2023-01-01 21:57:42,0
CARD-0027,MER-012,1.98,2023-01-02 21:25:55,0
CARD-0011,MER-005,1.99,2023-01-02 21:17:30,0
CARD-0025,MER-007,7.99,2023-01-02 23:44:09,0
CARD-0021,MER-005,15.00,2023-01-01 10:44:35,0
CARD-0021,MER-006,55.00,2023-01-02 21:57:13,0
CARD-0019,MER-025,55.74,2023-01-02 10:56:07,0
CARD-0014,MER-005,67.50,2023-01-01 10:12:36,0
CARD-0001,MER-022,42.80,2023-01-01 18:40:57,0
CARD-0004,MER-010,405.00,2023-01-01 19:23:31,0
CARD-0003,MER-011,7.18,2023-01-01 08:07:55,0
CARD-0026,MER-015,1.98,2023-01-02 19:12:50,0
CARD-0040,MER-008,7.99,2023-01-02 19:31:47,0
CARD-0003,MER-015,1.00,2023-01-01 00:50:23,0
CARD-0001,MER-012,8.13,2023-01-01 22:56:48,0
CARD-0008,MER-005,12.31,2023-01-01 20:39:57,0
CARD-0022,MER-024,430.73,2023-01-02 09:58:45,0
CARD-0027,MER-004,1.00,2023-01-01 02:10:56,0
CARD-0027,MER-011,3.59,2023-01-02 20:51:18,0
CARD-0019,MER-002,1.50,2023-01-02 18:43:26,0
CARD-0027,MER-034,20.00,2023-01-02 16:06:41,0
CARD-0002,MER-002,3.31,2023-01-02 13:47:31,0
CARD-0005,MER-008,24.99,2023-01-02 20:54:09,0
CARD-0017,MER-006,10.00,2023-01-01 02:43:02,0
CARD-0013,MER-002,203.00,2023-01-02 11:05:13,0
CARD-0012,MER-021,3.00,2023-01-01 18:48:37,0
CARD-0019,MER-005,23.04,2023-01-01 20:16:12,0
CARD-0009,MER-007,172.00,2023-01-01 22:07:27,0
CARD-0005,MER-027,4.57,2023-01-01 20:50:19,0
CARD-0026,MER-008,1.29,2023-01-02 18:30:16,0
CARD-0019,MER-016,38.42,2023-01-01 07:36:29,0
CARD-0022,MER-011,84.11,2023-01-02 08:27:51,0
CARD-0044,MER-054,89.99,2023-01-01 13:16:24,0
CARD-0015,MER-002,500.00,2023-01-01 19:20:52,0
CARD-0006,MER-029,70.70,2023-01-02 10:39:34,0
CARD-0012,MER-035,9.99,2023-01-02 21:23:25,0
CARD-0027,MER-019,0.00,2023-01-02 11:39:46,0
CARD-0024,MER-016,103.00,2023-01-02 05:32:05,0
CARD-0008,MER-024,11.88,2023-01-01 00:50:47,0
CARD-0008,MER-016,414.80,2023-01-01 10:55:46,0
CARD-0017,MER-011,7.90,2023-01-01 21:31:26,0
CARD-0001,MER-008,15.00,2023-01-02 19:17:06,0
CARD-0002,MER-005,8.90,2023-01-02 19:15:20,0
CARD-0019,MER-012,7.58,2023-01-01 07:21:08,0
CARD-0101,MER-033,379.18,2023-01-01 06:23:30,0
CARD-0009,MER-019,56.90,2023-01-01 10:55:18,0
CARD-0022,MER-019,46.52,2023-01-01 20:55:43,0
CARD-0003,MER-012,39.60,2023-01-02 02:48:53,0
CARD-0014,MER-009,14.43,2023-01-01 09:43:56,0
CARD-0014,MER-011,79.00,2023-01-02 13:37:58,0
CARD-0003,MER-007,196.00,2023-01-01 09:26:03,0
CARD-0005,MER-024,20.00,2023-01-01 17:17:25,0
CARD-0074,MER-059,49.74,2023-01-01 10:49:23,0
CARD-0026,MER-008,72.65,2023-01-02 03:53:06,0
CARD-0028,MER-018,1.29,2023-01-02 12:19:34,0
CARD-0011,MER-018,55.08,2023-01-01 12:25:07,0
CARD-0010,MER-024,9.47,2023-01-02 12:47:25,0
CARD-0027,MER-013,46.00,2023-01-02 06:17:32,0
CARD-0007,MER-014,1.00,2023-01-01 23:30:12,0
CARD-0014,MER-018,69.32,2023-01-01 13:26:00,0
CARD-0004,MER-001,170.64,2023-01-02 14:39:08,0
CARD-0016,MER-005,43.91,2023-01-01 13:18:01,0
CARD-0015,MER-010,15.95,2023-01-01 03:03:42,0
CARD-0016,MER-007,25.29,2023-01-01 08:22:10,0
CARD-0008,MER-003,42.00,2023-01-01 17:19:33,0
CARD-0012,MER-004,200.00,2023-01-02 09:19:12,0
CARD-0004,MER-007,20.13,2023-01-01 23:14:02,0
CARD-0012,MER-009,75.18,2023-01-01 16:06:25,0
CARD-0005,MER-006,148.50,2023-01-01 02:21:07,0
CARD-0015,MER-016,54.07,2023-01-01 20:29:53,0
CARD-0004,MER-011,1.78,2023-01-01 07:13:22,0
CARD-0014,MER-012,39.62,2023-01-01 13:52:13,0
CARD-0019,MER-008,100.00,2023-01-02 00:33:44,0
CARD-0019,MER-036,1732.12,2023-01-02 13:04:13,0
CARD-0027,MER-022,1.00,2023-01-02 14:54:23,0
CARD-0023,MER-004,12.99,2023-01-02 00:44:23,0
CARD-0010,MER-004,4.96,2023-01-01 11:20:35,0
CARD-0005,MER-005,37.95,2023-01-02 10:47:15,0
CARD-0013,MER-020,171.72,2023-01-02 15:36:31,0
CARD-0013,MER-011,10.00,2023-01-01 10:42:15,0
CARD-0013,MER-001,24.99,2023-01-01 21:06:31,0
CARD-0028,MER-022,1.00,2023-01-02 09:04:13,0
CARD-0026,MER-018,2.99,2023-01-02 00:40:00,0
CARD-0021,MER-022,7.08,2023-01-01 03:05:48,0
CARD-0021,MER-006,12.06,2023-01-01 11:28:49,0
CARD-0008,MER-007,127.87,2023-01-02 11:27:28,0
CARD-0005,MER-009,18.34,2023-01-02 12:36:31,0
CARD-0026,MER-012,11.99,2023-01-02 09:09:21,0
CARD-0016,MER-007,8.00,2023-01-01 14:59:01,0
CARD-0057,MER-024,305.73,2023-01-02 19:09:43,0
CARD-0021,MER-004,66.00,2023-01-02 21:16:46,0
CARD-0019,MER-005,6.99,2023-01-01 20:54:45,0
CARD-0008,MER-027,0.89,2023-01-02 21:40:22,0
CARD-0019,MER-011,9.99,2023-01-01 18:48:00,0
CARD-0007,MER-001,125.00,2023-01-01 13:01:00,0
CARD-0019,MER-008,25.00,2023-01-02 15:27:19,0
CARD-0001,MER-012,100.00,2023-01-01 13:21:22,0
CARD-0006,MER-001,1.00,2023-01-02 07:26:19,0
CARD-0014,MER-004,19.79,2023-01-01 11:58:03,0
CARD-0019,MER-013,23.10,2023-01-02 16:57:32,0
CARD-0017,MER-007,1.99,2023-01-01 16:30:41,0
CARD-0022,MER-003,176.97,2023-01-02 10:51:26,0
CARD-0016,MER-023,1.00,2023-01-01 00:51:42,0
CARD-0011,MER-019,33.45,2023-01-01 22:01:04,0
CARD-0007,MER-015,47.49,2023-01-02 19:49:09,0
CARD-0014,MER-003,20.33,2023-01-01 00:51:45,0
CARD-0010,MER-010,56.09,2023-01-01 19:08:07,0
CARD-0111,MER-014,148.55,2023-01-02 13:54:00,0
CARD-0019,MER-016,78.00,2023-01-02 08:50:33,0
CARD-0021,MER-013,16.31,2023-01-02 19:21:26,0
CARD-0008,MER-009,99.92,2023-01-01 16:56:00,0
CARD-0006,MER-002,2.68,2023-01-02 16:28:26,0
CARD-0006,MER-019,59.99,2023-01-01 10:30:01,0
CARD-0028,MER-017,1.98,2023-01-02 15:25:22,0
CARD-0021,MER-037,11.98,2023-01-02 18:26:56,0
CARD-0001,MER-014,1.61,2023-01-02 01:14:42,0
CARD-0017,MER-019,56.84,2023-01-01 13:15:42,0
CARD-0012,MER-013,11.50,2023-01-01 12:21:37,0
CARD-0001,MER-016,6.28,2023-01-01 23:24:12,0
CARD-0022,MER-022,40.00,2023-01-02 16:24:19,0
CARD-0006,MER-006,6.99,2023-01-02 00:13:33,0
CARD-0006,MER-018,7.87,2023-01-02 15:26:31,0
CARD-0009,MER-014,69.99,2023-01-02 00:07:39,0
CARD-0026,MER-021,22.73,2023-01-01 18:28:08,0
CARD-0052,MER-065,6900.47,2023-01-02 17:34:17,0
CARD-0019,MER-004,0.89,2023-01-01 00:52:01,0
CARD-0010,MER-002,12.25,2023-01-01 19:51:23,0
CARD-0001,MER-037,0.00,2023-01-01 06:27:47,0
CARD-0023,MER-025,95.47,2023-01-02 04:41:49,0
CARD-0015,MER-005,57.46,2023-01-01 21:01:42,0
CARD-0023,MER-005,577.00,2023-01-01 08:48:46,0
CARD-0010,MER-034,7.21,2023-01-02 16:56:34,0
CARD-0023,MER-015,81.96,2023-01-02 22:12:37,0
CARD-0001,MER-004,0.89,2023-01-02 23:05:36,0
CARD-0008,MER-001,276.00,2023-01-01 14:25:18,0
CARD-0003,MER-004,0.99,2023-01-02 09:42:31,0
CARD-0018,MER-011,10.00,2023-01-02 20:29:23,0
CARD-0052,MER-056,60.69,2023-01-02 20:43:02,0
CARD-0013,MER-001,214.80,2023-01-02 16:58:03,0
CARD-0018,MER-006,8.99,2023-01-02 10:10:31,0
CARD-0004,MER-007,23.00,2023-01-02 09:46:18,0
CARD-0009,MER-023,21.84,2023-01-01 21:29:02,0
CARD-0039,MER-047,99.99,2023-01-01 11:10:02,0
CARD-0013,MER-016,29.04,2023-01-01 23:51:32,0
CARD-0001,MER-002,14.90,2023-01-02 16:13:59,0
CARD-0027,MER-034,0.76,2023-01-01 13:41:37,0
CARD-0019,MER-025,121.96,2023-01-02 22:17:39,0
CARD-0011,MER-003,44.35,2023-01-01 16:02:56,0
CARD-0020,MER-022,98.66,2023-01-02 16:18:54,0
CARD-0005,MER-003,350.00,2023-01-01 15:33:08,0
CARD-0062,MER-026,44.99,2023-01-02 21:02:40,0
CARD-0014,MER-002,18.00,2023-01-01 18:36:53,0
CARD-0001,MER-001,0.89,2023-01-02 12:42:01,0
CARD-0001,MER-010,26.99,2023-01-01 19:00:08,0
CARD-0009,MER-019,49.60,2023-01-01 22:32:49,0
CARD-0013,MER-009,9.99,2023-01-01 08:00:09,0
CARD-0003,MER-002,15.28,2023-01-02 09:58:31,0
CARD-0023,MER-011,105.14,2023-01-02 21:20:11,0
CARD-0017,MER-050,25.69,2023-01-01 15:50:03,0
CARD-0086,MER-015,500.00,2023-01-01 04:33:24,0
CARD-0021,MER-003,11.49,2023-01-02 17:00:20,0
CARD-0036,MER-011,291.36,2023-01-01 21:36:44,0
CARD-0014,MER-002,83.00,2023-01-01 07:43:42,0
CARD-0001,MER-004,20.94,2023-01-02 22:02:23,0
CARD-0018,MER-001,7.00,2023-01-01 18:37:04,0
CARD-0007,MER-036,9.62,2023-01-01 14:04:18,0
CARD-0082,MER-005,83.39,2023-01-02 10:32:32,0
CARD-0011,MER-002,56.75,2023-01-01 20:21:10,0
CARD-0012,MER-018,15.66,2023-01-01 17:15:58,0
CARD-0012,MER-009,76.08,2023-01-01 08:45:57,0
CARD-0005,MER-002,15.68,2023-01-02 11:58:09,0
CARD-0008,MER-014,170.93,2023-01-01 19:33:29,0
CARD-0018,MER-041,303.71,2023-01-01 00:52:41,0
CARD-0002,MER-007,310.00,2023-01-01 23:07:18,0
CARD-0019,MER-003,799.10,2023-01-01 18:27:59,0
CARD-0017,MER-007,36.00,2023-01-01 22:06:33,0
CARD-0019,MER-004,50.88,2023-01-02 21:34:45,0
CARD-0025,MER-018,7.87,2023-01-02 12:32:31,0
CARD-0032,MER-030,0.76,2023-01-02 11:06:54,0
CARD-0018,MER-024,154.00,2023-01-02 15:15:32,0
CARD-0007,MER-001,0.89,2023-01-02 16:05:50,0
CARD-0021,MER-003,242.85,2023-01-01 21:40:01,0
CARD-0016,MER-009,37.00,2023-01-01 12:50:03,0
CARD-0004,MER-024,11.15,2023-01-02 01:17:04,0
CARD-0010,MER-005,64.96,2023-01-01 18:20:16,0
CARD-0005,MER-026,39.51,2023-01-01 16:44:27,0
CARD-0006,MER-004,5.49,2023-01-02 14:29:25,0
CARD-0068,MER-015,837.75,2023-01-02 10:51:22,0
CARD-0003,MER-012,15.99,2023-01-02 12:51:22,0
CARD-0007,MER-022,6.65,2023-01-01 01:23:54,0
CARD-0028,MER-009,148.00,2023-01-02 22:47:16,0
CARD-0003,MER-008,8.90,2023-01-01 21:23:55,0
CARD-0009,MER-007,57.20,2023-01-02 11:55:25,0
CARD-0011,MER-005,76.20,2023-01-01 07:43:42,0
CARD-0009,MER-015,33.68,2023-01-02 10:40:31,0
CARD-0006,MER-003,3.99,2023-01-02 19:06:42,0
CARD-0009,MER-002,1.00,2023-01-01 09:45:29,0
CARD-0032,MER-022,2.78,2023-01-01 15:44:00,0
CARD-0002,MER-002,6.80,2023-01-01 19:50:01,0
CARD-0021,MER-003,0.89,2023-01-01 22:22:20,0
CARD-0037,MER-009,15.00,2023-01-02 22:44:03,0
CARD-0012,MER-013,26.20,2023-01-01 09:58:06,0
CARD-0008,MER-028,7.65,2023-01-02 12:29:22,0
CARD-0015,MER-017,9.99,2023-01-01 15:40:01,0
CARD-0008,MER-029,6.07,2023-01-02 19:28:40,0
CARD-0016,MER-014,44.00,2023-01-02 21:09:18,0
CARD-0003,MER-001,1.29,2023-01-02 17:37:56,0
CARD-0009,MER-016,59.90,2023-01-01 14:21:51,0
CARD-0022,MER-016,60.00,2023-01-02 19:41:50,0
CARD-0025,MER-022,148.89,2023-01-02 14:46:50,0
CARD-0003,MER-007,33.96,2023-01-02 11:58:19,0
CARD-0001,MER-007,7.00,2023-01-02 10:03:29,0
CARD-0027,MER-010,19.99,2023-01-02 19:15:27,0
CARD-0024,MER-005,1.00,2023-01-02 22:00:04,0
CARD-0010,MER-022,209.50,2023-01-02 15:49:53,0
CARD-0009,MER-015,22.09,2023-01-01 11:08:59,0
CARD-0036,MER-014,329.33,2023-01-02 13:37:45,0
CARD-0010,MER-009,38.90,2023-01-01 07:46:03,0
CARD-0011,MER-016,8.00,2023-01-02 00:13:04,0
CARD-0021,MER-001,1.00,2023-01-01 15:38:06,0
CARD-0005,MER-027,35.27,2023-01-02 22:58:31,0
CARD-0004,MER-010,216.00,2023-01-01 20:27:06,0
CARD-0013,MER-023,4.00,2023-01-01 18:44:45,0
CARD-0011,MER-005,166.35,2023-01-01 10:52:08,0
CARD-0002,MER-043,18.20,2023-01-01 17:20:59,0
CARD-0001,MER-018,21.63,2023-01-01 19:38:35,0
CARD-0011,MER-015,0.89,2023-01-02 18:56:59,0
CARD-0020,MER-033,11.00,2023-01-01 22:56:18,0
CARD-0013,MER-020,185.63,2023-01-01 15:27:05,0
CARD-0009,MER-017,2.95,2023-01-02 16:18:06,0
CARD-0014,MER-004,352.44,2023-01-02 14:13:27,0
CARD-0007,MER-006,35.20,2023-01-02 19:18:18,0
CARD-0002,MER-014,23.45,2023-01-02 15:33:48,0
CARD-0015,MER-006,1.00,2023-01-01 21:14:32,0
CARD-0009,MER-011,260.00,2023-01-01 11:27:53,0
CARD-0017,MER-008,25.65,2023-01-01 13:25:32,0
CARD-0007,MER-006,9.81,2023-01-01 10:03:40,0
CARD-0018,MER-025,59.00,2023-01-02 14:33:15,0
CARD-0024,MER-019,5.16,2023-01-01 07:43:49,0
CARD-0003,MER-013,10.00,2023-01-02 18:31:54,0
CARD-0008,MER-032,172.16,2023-01-01 04:19:19,0
CARD-0032,MER-013,43.66,2023-01-01 17:14:09,0
CARD-0004,MER-018,370.02,2023-01-02 14:28:32,0
CARD-0010,MER-005,17.40,2023-01-01 19:28:20,0
CARD-0005,MER-008,169.28,2023-01-01 23:22:40,0
CARD-0003,MER-014,0.99,2023-01-01 09:33:59,0
CARD-0024,MER-013,1.00,2023-01-02 15:25:36,0
CARD-0005,MER-008,1.00,2023-01-02 13:54:00,0
CARD-0017,MER-004,49.94,2023-01-01 18:02:23,0
CARD-0014,MER-020,35.85,2023-01-01 16:53:59,0
CARD-0012,MER-025,7.70,2023-01-02 16:31:10,0
CARD-0007,MER-002,3.59,2023-01-02 10:03:20,0
CARD-0015,MER-009,47.65,2023-01-01 14:37:43,0
CARD-0013,MER-002,9.95,2023-01-01 12:13:26,0
CARD-0019,MER-006,1.79,2023-01-01 08:38:12,0
CARD-0017,MER-013,14.90,2023-01-02 20:02:50,0
CARD-0019,MER-019,45.52,2023-01-01 13:26:50,0
CARD-0022,MER-007,89.99,2023-01-02 16:27:31,0
CARD-0008,MER-011,363.71,2023-01-01 14:08:23,0
CARD-0029,MER-016,1.29,2023-01-02 20:47:52,0
CARD-0021,MER-023,888.30,2023-01-02 15:11:07,0
CARD-0022,MER-006,54.99,2023-01-02 15:13:09,0
CARD-0083,MER-055,340.00,2023-01-02 15:32:12,0
CARD-0015,MER-011,42.94,2023-01-01 18:53:02,0
CARD-0006,MER-013,5.00,2023-01-01 22:22:30,0
CARD-0018,MER-006,8.42,2023-01-01 17:25:49,0
CARD-0008,MER-006,19.39,2023-01-02 14:38:06,0
CARD-0025,MER-018,19.95,2023-01-02 01:03:17,0
CARD-0010,MER-001,25.00,2023-01-02 16:40:45,0
CARD-0015,MER-007,119.96,2023-01-01 21:55:34,0
CARD-0013,MER-006,126.85,2023-01-02 20:46:36,0
CARD-0020,MER-003,1.98,2023-01-01 20:02:39,0
CARD-0018,MER-018,392.00,2023-01-02 09:32:29,0
CARD-0015,MER-009,29.95,2023-01-01 17:28:53,0
CARD-0037,MER-039,11.50,2023-01-01 19:58:10,0
CARD-0015,MER-002,25.18,2023-01-01 07:35:05,0
CARD-0011,MER-001,89.64,2023-01-01 20:12:28,0
CARD-0011,MER-020,4.90,2023-01-01 22:50:45,0
CARD-0026,MER-021,1130.00,2023-01-01 16:52:09,0
CARD-0016,MER-006,3.84,2023-01-01 17:22:19,0
CARD-0023,MER-002,9.99,2023-01-02 17:51:50,0
CARD-0001,MER-003,202.35,2023-01-01 17:04:47,0
CARD-0016,MER-007,1.79,2023-01-01 10:55:00,0
CARD-0001,MER-042,1.00,2023-01-01 15:32:40,0
CARD-0035,MER-016,200.58,2023-01-01 16:50:05,0
CARD-0003,MER-002,15.60,2023-01-02 09:45:33,0
CARD-0004,MER-007,2.28,2023-01-01 21:11:49,0
CARD-0007,MER-020,0.99,2023-01-01 14:16:52,0
CARD-0014,MER-013,137.99,2023-01-01 17:10:43,0
CARD-0027,MER-016,50.96,2023-01-02 21:36:24,0
CARD-0012,MER-003,55.80,2023-01-02 08:28:36,0
CARD-0023,MER-024,2.88,2023-01-01 20:10:15,0
CARD-0023,MER-021,24.99,2023-01-02 09:42:11,0
CARD-0011,MER-008,224.87,2023-01-02 12:15:46,0
CARD-0030,MER-010,168.37,2023-01-02 11:11:40,0
CARD-0001,MER-025,1.00,2023-01-01 11:06:02,0
CARD-0014,MER-005,64.99,2023-01-01 11:59:26,0
CARD-0016,MER-043,76.07,2023-01-01 11:23:55,0
CARD-0006,MER-014,2.00,2023-01-01 09:43:45,0
CARD-0024,MER-006,1.00,2023-01-01 09:45:53,0
CARD-0015,MER-025,266.80,2023-01-02 15:05:32,0
CARD-0001,MER-003,268.00,2023-01-01 17:39:01,0
CARD-0033,MER-030,0.76,2023-01-02 09:42:12,0
CARD-0021,MER-030,101.14,2023-01-02 15:38:19,0
CARD-0005,MER-003,40.85,2023-01-02 21:14:30,0
CARD-0023,MER-020,29.70,2023-01-02 10:06:00,0
CARD-0004,MER-014,1.31,2023-01-01 09:06:43,0
CARD-0009,MER-008,55.90,2023-01-01 18:40:07,0
CARD-0001,MER-016,25.30,2023-01-02 17:21:12,0
CARD-0007,MER-004,3.57,2023-01-02 22:10:04,0
CARD-0001,MER-016,71.94,2023-01-01 19:00:44,0
CARD-0014,MER-005,31.35,2023-01-01 18:01:17,0
CARD-0046,MER-022,90.24,2023-01-01 13:46:59,0
CARD-0021,MER-007,88.36,2023-01-01 11:06:34,0
CARD-0006,MER-016,0.89,2023-01-01 13:58:14,0
CARD-0012,MER-025,46.50,2023-01-01 13:40:59,0
CARD-0004,MER-009,16.84,2023-01-02 16:38:44,0
CARD-0136,MER-019,152.65,2023-01-02 09:20:40,0
CARD-0029,MER-019,12.31,2023-01-02 08:50:27,0
CARD-0028,MER-014,0.89,2023-01-02 07:38:39,0
CARD-0018,MER-007,1.98,2023-01-01 11:30:14,0
CARD-0009,MER-004,150.85,2023-01-01 08:42:19,0
CARD-0015,MER-016,155.00,2023-01-02 09:02:27,0
CARD-0005,MER-003,178.95,2023-01-01 19:13:07,0
CARD-0005,MER-019,7.83,2023-01-01 12:50:14,0
CARD-0020,MER-005,64.68,2023-01-02 10:27:10,0
CARD-0027,MER-001,74.97,2023-01-02 09:01:52,0
CARD-0019,MER-002,23.00,2023-01-01 15:54:35,0
CARD-0035,MER-023,8.36,2023-01-01 23:32:46,0
CARD-0022,MER-015,132.05,2023-01-01 10:23:49,0
CARD-0017,MER-019,7.40,2023-01-01 16:01:57,0
CARD-0009,MER-003,48.92,2023-01-01 09:50:49,0
CARD-0018,MER-005,4.00,2023-01-02 18:42:07,0
CARD-0007,MER-009,59.70,2023-01-02 12:42:13,0
CARD-0011,MER-032,128.00,2023-01-01 03:28:12,0
CARD-0021,MER-009,84.80,2023-01-02 13:08:13,0
CARD-0022,MER-005,24.59,2023-01-02 23:03:46,0
CARD-0002,MER-010,154.19,2023-01-01 04:54:26,0
CARD-0055,MER-025,72.60,2023-01-02 09:04:58,0
CARD-0015,MER-047,844.90,2023-01-02 01:47:43,0
CARD-0006,MER-019,210.28,2023-01-01 01:31:42,0
CARD-0038,MER-009,29.99,2023-01-01 10:38:16,0
CARD-0009,MER-005,55.00,2023-01-01 20:29:23,0
CARD-0011,MER-002,137.98,2023-01-02 16:01:47,0
CARD-0007,MER-018,30.43,2023-01-01 16:07:49,0
CARD-0001,MER-010,285.52,2023-01-01 10:58:39,0
CARD-0003,MER-006,19.00,2023-01-02 11:52:32,0
CARD-0012,MER-003,130.90,2023-01-01 21:54:06,0
CARD-0015,MER-004,1.00,2023-01-01 12:44:44,0
CARD-0006,MER-014,15.73,2023-01-01 22:07:31,0
CARD-0005,MER-013,11.50,2023-01-02 12:59:01,0
CARD-0009,MER-013,32.24,2023-01-01 13:23:42,0
CARD-0019,MER-012,2.50,2023-01-02 14:16:00,0
CARD-0010,MER-018,39.98,2023-01-01 17:50:49,0
CARD-0007,MER-026,53.02,2023-01-01 10:16:33,0
CARD-0016,MER-003,23.82,2023-01-01 17:45:42,0
CARD-0001,MER-013,11.50,2023-01-02 15:11:01,0
CARD-0012,MER-007,15.00,2023-01-01 17:24:33,0
CARD-0003,MER-010,0.76,2023-01-02 08:50:04,0
CARD-0005,MER-011,15.00,2023-01-01 18:17:14,0
CARD-0011,MER-016,29.68,2023-01-01 16:43:08,0
CARD-0016,MER-010,600.00,2023-01-01 00:57:26,0
CARD-0002,MER-009,11.50,2023-01-02 10:05:44,0
CARD-0004,MER-015,5.48,2023-01-01 15:18:30,0
CARD-0028,MER-014,1.29,2023-01-02 14:23:41,0
CARD-0002,MER-009,28.98,2023-01-01 13:22:12,0
CARD-0002,MER-011,23.93,2023-01-02 11:38:30,0
CARD-0056,MER-059,1.00,2023-01-01 20:05:56,0
CARD-0006,MER-017,54.98,2023-01-01 07:33:35,0
CARD-0011,MER-027,7.32,2023-01-02 15:49:50,0
CARD-0023,MER-011,136.00,2023-01-02 17:15:46,0
CARD-0021,MER-010,87.00,2023-01-02 20:24:37,0
CARD-0171,MER-029,1663.10,2023-01-01 18:43:36,0
CARD-0016,MER-008,8.87,2023-01-01 02:45:41,0
CARD-0011,MER-018,13.35,2023-01-01 11:46:40,0
CARD-0001,MER-019,15.95,2023-01-02 03:04:04,0
CARD-0006,MER-008,199.00,2023-01-01 12:54:53,0
CARD-0008,MER-013,7.52,2023-01-01 15:10:36,0
CARD-0024,MER-038,119.80,2023-01-02 10:44:47,0
CARD-0024,MER-003,9.99,2023-01-02 00:45:59,0
CARD-0008,MER-017,12.99,2023-01-02 14:52:15,0
CARD-0017,MER-023,0.00,2023-01-01 21:05:48,0
CARD-0002,MER-014,0.76,2023-01-01 22:58:04,0
CARD-0013,MER-002,1.00,2023-01-01 23:29:08,0
CARD-0026,MER-012,1.98,2023-01-02 19:01:19,0
CARD-0007,MER-012,4.40,2023-01-01 22:28:29,0
CARD-0009,MER-062,42.37,2023-01-02 08:13:57,0
CARD-0003,MER-014,4.47,2023-01-01 21:52:02,0
CARD-0014,MER-002,260.00,2023-01-02 16:27:55,0
CARD-0027,MER-010,5.99,2023-01-01 09:42:07,0
CARD-0018,MER-006,1.00,2023-01-01 15:48:58,0
CARD-0015,MER-005,59.95,2023-01-01 09:09:16,0
CARD-0010,MER-009,91.00,2023-01-01 22:13:19,0
CARD-0020,MER-022,94.49,2023-01-01 09:37:41,0
CARD-0023,MER-001,14.95,2023-01-02 03:02:42,0
CARD-0001,MER-015,20.00,2023-01-01 10:13:30,0
CARD-0010,MER-009,27.52,2023-01-01 13:42:28,0
CARD-0016,MER-004,50.90,2023-01-01 12:16:07,0
CARD-0023,MER-003,9.99,2023-01-02 17:15:08,0
CARD-0004,MER-025,19.17,2023-01-01 20:12:49,0
CARD-0007,MER-017,106.61,2023-01-01 16:04:04,0
CARD-0006,MER-005,58.50,2023-01-02 16:53:17,0
CARD-0002,MER-016,6.99,2023-01-01 23:46:11,0
CARD-0009,MER-004,153.45,2023-01-01 13:42:31,0
CARD-0019,MER-022,99.00,2023-01-02 12:41:27,0
CARD-0026,MER-003,7.57,2023-01-01 23:00:26,0
CARD-0009,MER-036,58.40,2023-01-01 10:18:59,0
CARD-0019,MER-007,1.99,2023-01-01 18:15:34,0
CARD-0044,MER-004,208.08,2023-01-02 10:26:09,0
CARD-0004,MER-005,50.00,2023-01-02 08:09:17,0
CARD-0029,MER-016,8.98,2023-01-02 22:14:57,0
CARD-0012,MER-026,3.05,2023-01-01 19:04:32,0
CARD-0019,MER-004,1.00,2023-01-01 14:17:21,0
CARD-0031,MER-008,24.39,2023-01-01 18:10:36,0
CARD-0008,MER-004,5.25,2023-01-02 22:34:45,0
CARD-0015,MER-001,2.88,2023-01-01 11:24:12,0
CARD-0003,MER-009,210.38,2023-01-01 09:07:31,0
CARD-0019,MER-012,6.87,2023-01-01 22:54:04,0
CARD-0004,MER-022,8.99,2023-01-02 13:14:26,0
CARD-0041,MER-008,78.21,2023-01-01 16:37:52,0
CARD-0017,MER-014,122.96,2023-01-02 23:42:59,0
CARD-0019,MER-024,30.00,2023-01-02 13:09:58,0
CARD-0033,MER-057,1896.44,2023-01-02 10:02:53,0
CARD-0003,MER-002,21.98,2023-01-02 15:41:33,0
CARD-0001,MER-024,2.50,2023-01-01 20:19:34,0
CARD-0021,MER-028,819.40,2023-01-02 20:37:05,0
CARD-0022,MER-022,6.27,2023-01-01 13:56:21,0
CARD-0012,MER-001,40.00,2023-01-01 15:22:34,0
CARD-0013,MER-011,81.77,2023-01-01 20:14:36,0
CARD-0001,MER-008,1.29,2023-01-02 19:47:13,0
CARD-0017,MER-008,14.97,2023-01-01 03:42:17,0
CARD-0017,MER-007,52.00,2023-01-02 21:36:55,0
CARD-0013,MER-033,10.59,2023-01-01 18:37:26,0
CARD-0017,MER-023,40.00,2023-01-01 11:04:13,0
CARD-0003,MER-015,80.13,2023-01-01 21:02:17,0
CARD-0027,MER-009,0.89,2023-01-01 09:24:15,0
CARD-0014,MER-017,9.99,2023-01-01 00:59:49,0
CARD-0011,MER-004,253.30,2023-01-01 11:44:47,0
CARD-0005,MER-010,2.69,2023-01-01 19:25:46,0
CARD-0003,MER-015,2.67,2023-01-01 13:51:12,0
CARD-0003,MER-014,3.90,2023-01-02 17:41:47,0
CARD-0025,MER-025,33.97,2023-01-02 21:53:00,0
CARD-0017,MER-026,141.65,2023-01-02 08:34:26,0
CARD-0011,MER-013,10.50,2023-01-01 09:07:37,0
CARD-0008,MER-024,9.99,2023-01-02 18:51:17,0
CARD-0025,MER-012,4.62,2023-01-02 12:37:49,0
CARD-0026,MER-013,1.98,2023-01-02 12:10:24,0
CARD-0016,MER-002,56.07,2023-01-01 20:57:12,0
CARD-0032,MER-009,137.06,2023-01-01 15:03:11,0
CARD-0006,MER-009,12.31,2023-01-01 09:40:53,0
CARD-0008,MER-011,89.90,2023-01-01 14:27:27,0
CARD-0030,MER-011,323.30,2023-01-01 01:00:26,0
CARD-0056,MER-015,15.98,2023-01-02 09:14:09,0
CARD-0011,MER-005,500.00,2023-01-01 03:21:21,0
CARD-0008,MER-010,64.50,2023-01-02 00:30:00,0
CARD-0017,MER-004,0.01,2023-01-01 18:59:17,0
CARD-0004,MER-007,0.89,2023-01-02 22:20:11,0
CARD-0017,MER-008,19.73,2023-01-01 21:12:28,0
CARD-0009,MER-001,6.88,2023-01-02 12:10:56,0
CARD-0015,MER-026,228.00,2023-01-01 02:37:53,0
CARD-0007,MER-005,4.49,2023-01-02 21:20:46,0
CARD-0027,MER-009,1.98,2023-01-02 01:03:35,0
CARD-0023,MER-023,40.50,2023-01-02 16:58:49,0
CARD-0007,MER-007,349.00,2023-01-01 13:24:50,0
CARD-0002,MER-010,302.03,2023-01-01 18:53:21,0
CARD-0018,MER-009,1.98,2023-01-01 23:50:32,0
CARD-0005,MER-013,5.64,2023-01-01 19:38:10,0
CARD-0010,MER-005,1.78,2023-01-02 09:04:02,0
CARD-0033,MER-026,0.76,2023-01-02 16:51:01,0
CARD-0015,MER-014,7.25,2023-01-01 11:23:44,0
CARD-0007,MER-013,177.25,2023-01-01 14:12:41,0
CARD-0014,MER-017,45.00,2023-01-01 18:13:53,0
CARD-0004,MER-010,96.08,2023-01-02 20:36:27,0
CARD-0005,MER-053,133.47,2023-01-02 09:50:30,0
CARD-0004,MER-021,223.63,2023-01-01 16:26:59,0
CARD-0003,MER-002,3.87,2023-01-01 19:22:53,0
CARD-0028,MER-014,11.33,2023-01-02 11:20:48,0
CARD-0003,MER-029,6.88,2023-01-01 13:16:03,0
CARD-0015,MER-002,95.08,2023-01-01 18:02:50,0
CARD-0018,MER-007,34.82,2023-01-01 10:57:57,0
CARD-0002,MER-020,50.05,2023-01-01 14:45:48,0
CARD-0004,MER-002,49.99,2023-01-02 13:20:20,0
CARD-0017,MER-008,1.98,2023-01-01 23:52:18,0
CARD-0017,MER-007,3.56,2023-01-01 22:14:26,0
CARD-0021,MER-004,36.00,2023-01-02 20:43:48,0
CARD-0014,MER-003,18.45,2023-01-02 19:33:03,0
CARD-0009,MER-023,250.00,2023-01-02 10:56:59,0
CARD-0018,MER-003,12.31,2023-01-01 13:00:50,0
CARD-0011,MER-011,16.45,2023-01-02 20:51:11,0
CARD-0002,MER-025,42.97,2023-01-01 21:58:44,0
CARD-0001,MER-019,11.48,2023-01-01 01:00:50,0
CARD-0023,MER-032,118.85,2023-01-01 16:06:35,0
CARD-0010,MER-021,1.00,2023-01-02 06:56:35,0
CARD-0010,MER-013,110.23,2023-01-01 10:16:37,0
CARD-0020,MER-020,9.80,2023-01-02 13:37:55,0
CARD-0014,MER-008,210.00,2023-01-02 19:16:59,0
CARD-0011,MER-009,237.66,2023-01-02 09:01:26,0
CARD-0002,MER-003,6.40,2023-01-02 21:02:46,0
CARD-0014,MER-015,39.90,2023-01-01 16:02:12,0
CARD-0008,MER-008,10.00,2023-01-02 19:44:16,0
CARD-0018,MER-020,64.00,2023-01-02 19:25:58,0
CARD-0012,MER-003,18.00,2023-01-02 08:29:16,0
CARD-0034,MER-004,835.00,2023-01-01 14:42:21,0
CARD-0019,MER-011,6.98,2023-01-01 01:23:03,0
CARD-0024,MER-017,29.99,2023-01-02 13:10:51,0
CARD-0004,MER-005,270.00,2023-01-01 13:22:46,0
CARD-0013,MER-007,34.95,2023-01-01 22:44:28,0
CARD-0042,MER-049,91.28,2023-01-01 19:02:16,0
CARD-0012,MER-004,60.38,2023-01-01 10:51:14,0
CARD-0013,MER-003,11.31,2023-01-01 03:40:32,0
CARD-0014,MER-010,55.61,2023-01-01 11:48:43,0
CARD-0055,MER-015,5.41,2023-01-02 18:10:40,0
CARD-0003,MER-006,188.60,2023-01-01 22:58:48,0
CARD-0002,MER-016,2.18,2023-01-01 16:59:15,0
CARD-0003,MER-044,0.00,2023-01-01 09:18:47,0
CARD-0027,MER-016,0.89,2023-01-02 10:48:21,0
CARD-0018,MER-003,2.16,2023-01-02 21:27:43,0
CARD-0005,MER-016,0.00,2023-01-01 13:58:37,0
CARD-0009,MER-011,148.62,2023-01-01 10:16:09,0
CARD-0029,MER-015,38.21,2023-01-02 08:57:43,0
CARD-0001,MER-001,25.00,2023-01-01 19:22:41,0
CARD-0017,MER-005,29.70,2023-01-01 10:46:37,0
CARD-0002,MER-006,277.78,2023-01-01 16:58:11,0
CARD-0026,MER-010,6.10,2023-01-02 15:39:52,0
CARD-0025,MER-012,22.95,2023-01-02 00:37:56,0
CARD-0003,MER-010,54.90,2023-01-01 13:52:34,0
CARD-0037,MER-002,92.66,2023-01-01 21:21:26,0
CARD-0001,MER-015,8.52,2023-01-02 04:39:33,0
CARD-0006,MER-001,0.89,2023-01-02 11:58:00,0
CARD-0014,MER-014,48.31,2023-01-01 01:22:29,0
CARD-0019,MER-005,613.91,2023-01-01 06:22:07,0
CARD-0011,MER-022,27.00,2023-01-01 13:46:43,0
CARD-0004,MER-009,1.00,2023-01-01 22:00:14,0
CARD-0004,MER-018,13.16,2023-01-01 10:01:13,0
CARD-0031,MER-029,0.76,2023-01-02 21:21:06,0
CARD-0006,MER-041,12.86,2023-01-01 01:02:00,0
CARD-0026,MER-012,11.99,2023-01-02 19:26:28,0
CARD-0011,MER-005,3.63,2023-01-02 00:26:48,0
CARD-0007,MER-013,9.99,2023-01-02 21:30:10,0
CARD-0018,MER-020,78.00,2023-01-02 20:16:16,0
CARD-0004,MER-021,525.00,2023-01-02 14:48:17,0
CARD-0010,MER-018,39.64,2023-01-01 09:48:04,0
CARD-0019,MER-007,272.65,2023-01-02 19:14:56,0
CARD-0006,MER-012,1.00,2023-01-02 07:46:07,0
CARD-0015,MER-005,19.00,2023-01-01 08:27:14,0
CARD-0001,MER-014,4.49,2023-01-01 21:26:42,0
CARD-0002,MER-012,3.57,2023-01-01 12:24:33,0
CARD-0028,MER-016,12.36,2023-01-02 21:11:43,0
CARD-0012,MER-023,15.00,2023-01-01 20:18:04,0
CARD-0015,MER-007,190.54,2023-01-01 01:02:13,0
CARD-0014,MER-004,0.89,2023-01-01 18:04:07,0
CARD-0006,MER-001,149.00,2023-01-01 17:52:39,0
CARD-0015,MER-012,73.68,2023-01-01 22:17:01,0
CARD-0009,MER-002,91.76,2023-01-02 09:34:24,0
CARD-0003,MER-016,209.98,2023-01-01 23:18:19,0
CARD-0013,MER-002,1.00,2023-01-01 22:03:10,0
CARD-0026,MER-031,54.99,2023-01-02 21:10:02,0
CARD-0022,MER-005,1.00,2023-01-01 18:34:21,0
CARD-0012,MER-010,120.00,2023-01-02 21:40:14,0
CARD-0010,MER-007,75.51,2023-01-01 18:20:59,0
CARD-0013,MER-007,49.90,2023-01-01 21:21:59,0
CARD-0027,MER-008,1.79,2023-01-02 06:50:29,0
CARD-0114,MER-017,205.39,2023-01-02 17:32:34,0
CARD-0016,MER-003,94.87,2023-01-02 11:10:16,0
CARD-0007,MER-029,206.96,2023-01-02 22:51:23,0
CARD-0001,MER-001,250.00,2023-01-01 10:08:09,0
CARD-0020,MER-016,5.00,2023-01-01 01:50:33,0
CARD-0032,MER-021,1.00,2023-01-02 23:16:32,0
CARD-0023,MER-019,6.00,2023-01-02 16:06:21,0
CARD-0013,MER-006,11.50,2023-01-02 17:33:27,0
CARD-0009,MER-003,60.00,2023-01-01 15:51:37,0
CARD-0016,MER-016,15.00,2023-01-01 22:49:43,0
CARD-0006,MER-007,3.57,2023-01-02 19:05:42,0
CARD-0027,MER-014,1.51,2023-01-02 11:51:09,0
CARD-0011,MER-022,9.99,2023-01-01 14:42:26,0
CARD-0003,MER-014,2.00,2023-01-01 08:57:12,0
CARD-0018,MER-006,16.44,2023-01-01 21:07:50,0
CARD-0014,MER-030,0.00,2023-01-01 07:37:18,0
CARD-0002,MER-017,5.37,2023-01-01 20:44:01,0
CARD-0026,MER-010,0.69,2023-01-02 17:40:22,0
CARD-0015,MER-012,25.00,2023-01-01 18:23:00,0
CARD-0019,MER-024,28.00,2023-01-02 12:41:06,0
CARD-0001,MER-010,7.95,2023-01-01 09:18:45,0
CARD-0010,MER-005,169.32,2023-01-01 01:02:22,0
CARD-0005,MER-015,17.99,2023-01-01 11:50:10,0
CARD-0024,MER-001,10.99,2023-01-02 19:04:09,0
CARD-0003,MER-031,1.51,2023-01-01 09:51:42,0
CARD-0026,MER-011,12.31,2023-01-02 20:36:09,0
CARD-0011,MER-008,11.00,2023-01-01 13:51:10,0
CARD-0001,MER-031,18.44,2023-01-02 18:27:41,0
CARD-0007,MER-020,7.26,2023-01-01 20:27:43,0
CARD-0013,MER-004,11.85,2023-01-01 06:02:19,0
CARD-0001,MER-022,7.32,2023-01-02 21:10:03,0
CARD-0014,MER-003,74.90,2023-01-01 08:13:31,0
CARD-0027,MER-028,1.00,2023-01-01 11:30:11,0
CARD-0016,MER-007,25.00,2023-01-02 10:15:38,0
CARD-0009,MER-033,655.22,2023-01-02 09:35:25,0
CARD-0017,MER-008,19.95,2023-01-01 12:35:15,0
CARD-0028,MER-015,0.00,2023-01-02 14:25:25,0
CARD-0019,MER-013,56.90,2023-01-02 16:09:02,0
CARD-0028,MER-012,254.00,2023-01-01 21:50:09,0
CARD-0010,MER-026,2.95,2023-01-01 14:12:42,0
CARD-0014,MER-002,11.85,2023-01-01 06:19:10,0
CARD-0014,MER-005,20.00,2023-01-01 09:12:35,0
CARD-0001,MER-003,283.41,2023-01-01 21:37:49,0
CARD-0007,MER-003,200.00,2023-01-01 09:57:01,0
CARD-0023,MER-003,14.95,2023-01-02 03:04:50,0
CARD-0006,MER-006,11.96,2023-01-02 10:40:02,0
CARD-0004,MER-016,2.68,2023-01-01 22:19:50,0
CARD-0013,MER-007,22.81,2023-01-01 08:28:10,0
CARD-0018,MER-027,80.00,2023-01-02 07:07:16,0
CARD-0029,MER-011,154.11,2023-01-02 18:46:54,0
CARD-0017,MER-004,9.99,2023-01-01 06:57:10,0
CARD-0018,MER-011,0.12,2023-01-01 10:48:26,0
CARD-0012,MER-015,11.50,2023-01-01 09:35:04,0
CARD-0005,MER-011,13.99,2023-01-01 11:14:10,0
CARD-0010,MER-002,126.48,2023-01-01 01:02:27,0
CARD-0007,MER-001,1.78,2023-01-02 09:53:43,0
CARD-0018,MER-015,41.10,2023-01-02 17:14:17,0
CARD-0017,MER-012,639.98,2023-01-01 23:50:37,0
CARD-0025,MER-011,29.99,2023-01-02 12:51:07,0
CARD-0020,MER-012,58.90,2023-01-02 12:22:01,0
CARD-0004,MER-053,10.61,2023-01-02 08:49:17,0
CARD-0014,MER-003,12.90,2023-01-01 11:09:44,0
CARD-0028,MER-015,2.40,2023-01-02 00:34:41,0
CARD-0006,MER-008,160.00,2023-01-01 15:15:02,0
CARD-0047,MER-007,29.51,2023-01-01 22:57:34,0
CARD-0010,MER-005,28.98,2023-01-02 04:29:22,0
CARD-0015,MER-007,58.68,2023-01-01 15:57:35,0
CARD-0012,MER-013,47.25,2023-01-02 20:05:45,0
CARD-0005,MER-002,9.10,2023-01-02 14:03:39,0
CARD-0005,MER-021,11.50,2023-01-01 22:00:27,0
CARD-0012,MER-019,12.11,2023-01-02 10:51:03,0
CARD-0003,MER-007,3.99,2023-01-01 18:52:17,0
CARD-0001,MER-012,3.58,2023-01-01 14:33:32,0
CARD-0029,MER-010,7.03,2023-01-02 18:00:54,0
CARD-0041,MER-002,30.08,2023-01-01 10:09:01,0
CARD-0003,MER-013,58.53,2023-01-02 10:12:54,0
CARD-0009,MER-016,4.49,2023-01-01 15:50:59,0
CARD-0008,MER-035,86.46,2023-01-01 20:41:08,0
CARD-0020,MER-007,24.95,2023-01-02 16:46:11,0
CARD-0016,MER-022,14.86,2023-01-01 04:16:33,0
CARD-0015,MER-013,69.99,2023-01-01 20:01:03,0
CARD-0072,MER-001,99.99,2023-01-01 11:31:57,0
CARD-0024,MER-017,120.42,2023-01-02 18:07:02,0
CARD-0015,MER-009,11.50,2023-01-01 23:14:08,0
CARD-0023,MER-014,8.00,2023-01-02 14:21:29,0
CARD-0016,MER-011,29.99,2023-01-01 19:05:51,0
CARD-0022,MER-007,9.99,2023-01-02 19:12:34,0
CARD-0010,MER-004,141.90,2023-01-01 15:27:35,0
CARD-0004,MER-011,24.95,2023-01-01 11:51:07,0
CARD-0013,MER-021,10.75,2023-01-01 10:54:16,0
CARD-0006,MER-026,70.47,2023-01-01 16:03:17,0
CARD-0014,MER-006,11.85,2023-01-01 05:44:42,0
CARD-0009,MER-008,22.00,2023-01-02 10:14:48,0
CARD-0001,MER-026,10.93,2023-01-01 17:12:14,0
CARD-0027,MER-016,0.00,2023-01-02 11:41:34,0
CARD-0005,MER-003,1.79,2023-01-02 11:00:20,0
CARD-0026,MER-005,45.16,2023-01-02 02:39:40,0
CARD-0050,MER-007,405.90,2023-01-02 11:43:27,0
CARD-0016,MER-014,19.95,2023-01-01 16:44:56,0
CARD-0046,MER-016,25.00,2023-01-01 14:51:30,0
CARD-0020,MER-005,0.89,2023-01-01 23:53:35,0
CARD-0015,MER-004,15.00,2023-01-01 01:02:30,0
CARD-0013,MER-008,50.00,2023-01-01 10:26:09,0
CARD-0013,MER-005,19.95,2023-01-01 16:56:47,0
CARD-0009,MER-010,145.00,2023-01-01 15:14:58,0
CARD-0028,MER-001,291.38,2023-01-01 11:30:41,0
CARD-0016,MER-012,127.90,2023-01-01 07:16:38,0
CARD-0008,MER-001,25.77,2023-01-02 22:29:46,0
CARD-0012,MER-022,124.41,2023-01-02 18:51:41,0
CARD-0007,MER-001,2.28,2023-01-02 19:51:16,0
CARD-0042,MER-059,0.77,2023-01-01 15:43:48,0
CARD-0022,MER-022,20.73,2023-01-02 14:40:05,0
CARD-0022,MER-020,97.88,2023-01-02 14:54:21,0
CARD-0012,MER-002,57.00,2023-01-01 13:32:37,0
CARD-0019,MER-021,1.48,2023-01-01 23:14:29,0
CARD-0006,MER-021,13.51,2023-01-01 12:25:44,0
CARD-0004,MER-010,1.00,2023-01-02 08:54:40,0
CARD-0013,MER-010,75.75,2023-01-01 22:30:36,0
CARD-0009,MER-020,61.00,2023-01-01 16:04:12,0
CARD-0003,MER-031,4.16,2023-01-01 18:35:14,0
CARD-0028,MER-010,20.13,2023-01-02 07:42:11,0
CARD-0008,MER-011,6.90,2023-01-01 18:52:12,0
CARD-0036,MER-007,29.99,2023-01-02 14:33:58,0
CARD-0003,MER-025,36.29,2023-01-01 13:15:19,0
CARD-0014,MER-007,52.98,2023-01-01 11:05:00,0
CARD-0008,MER-001,40.88,2023-01-02 00:44:04,0
CARD-0048,MER-002,12.99,2023-01-02 01:02:34,0
CARD-0003,MER-014,11.41,2023-01-02 18:24:26,0
CARD-0017,MER-009,1.00,2023-01-01 10:34:52,0
CARD-0035,MER-026,10.95,2023-01-01 02:22:34,0
CARD-0043,MER-022,110.00,2023-01-02 07:34:18,0
CARD-0023,MER-005,9.99,2023-01-02 11:57:37,0
CARD-0003,MER-012,16.01,2023-01-01 23:18:06,0
CARD-0025,MER-002,1.00,2023-01-02 09:17:56,0
CARD-0003,MER-015,4.49,2023-01-01 12:04:14,0
CARD-0020,MER-017,10.00,2023-01-02 15:00:34,0
CARD-0062,MER-022,8.81,2023-01-01 11:24:58,0
CARD-0013,MER-006,76.90,2023-01-01 22:45:36,0
CARD-0009,MER-012,101.85,2023-01-01 05:44:44,0
CARD-0014,MER-008,27.33,2023-01-02 11:11:55,0
CARD-0004,MER-028,75.31,2023-01-01 09:44:53,0
CARD-0029,MER-020,200.00,2023-01-01 21:07:27,0
CARD-0023,MER-006,1.00,2023-01-02 12:06:48,0
CARD-0007,MER-014,14.95,2023-01-02 12:14:08,0
CARD-0054,MER-001,1314.24,2023-01-02 22:06:57,0
CARD-0007,MER-017,1.79,2023-01-02 07:41:29,0
CARD-0023,MER-006,363.95,2023-01-01 13:13:08,0
CARD-0039,MER-037,82.00,2023-01-01 08:47:23,0
CARD-0002,MER-010,12.18,2023-01-02 11:35:41,0
CARD-0028,MER-010,75.00,2023-01-01 11:13:13,0
CARD-0013,MER-001,16.00,2023-01-01 13:41:55,0
CARD-0013,MER-023,1.00,2023-01-01 18:43:41,0
CARD-0024,MER-001,11.27,2023-01-02 06:07:58,0
CARD-0017,MER-015,9.99,2023-01-01 18:05:13,0
CARD-0020,MER-012,1.98,2023-01-02 18:37:11,0
CARD-0017,MER-009,20.00,2023-01-01 20:06:01,0
CARD-0004,MER-003,28.40,2023-01-02 19:55:02,0
CARD-0004,MER-007,238.00,2023-01-01 13:14:29,0
CARD-0003,MER-017,200.00,2023-01-01 19:47:25,0
CARD-0018,MER-010,12.00,2023-01-01 08:08:54,0
CARD-0017,MER-005,1.00,2023-01-01 09:32:20,0
CARD-0021,MER-021,165.00,2023-01-02 09:23:11,0
CARD-0028,MER-019,853.48,2023-01-01 19:05:14,0
CARD-0007,MER-012,1.00,2023-01-01 18:49:28,0
CARD-0020,MER-005,1.29,2023-01-01 20:08:50,0
CARD-0016,MER-007,50.00,2023-01-01 10:59:17,0
CARD-0059,MER-023,74.90,2023-01-02 09:15:31,0
CARD-0026,MER-022,4.00,2023-01-02 10:15:11,0
CARD-0024,MER-024,26.95,2023-01-02 10:00:37,0
CARD-0001,MER-022,2.12,2023-01-02 06:32:38,0
CARD-0016,MER-007,92.90,2023-01-01 07:20:19,0
CARD-0022,MER-017,25.00,2023-01-02 12:42:14,0
CARD-0005,MER-025,7.99,2023-01-02 07:49:02,0
CARD-0017,MER-022,15.80,2023-01-02 09:37:50,0
CARD-0027,MER-008,8.99,2023-01-02 09:03:26,0
CARD-0012,MER-015,311.10,2023-01-01 10:05:38,0
CARD-0011,MER-007,164.25,2023-01-02 08:54:19,0
CARD-0054,MER-019,91.76,2023-01-01 13:34:25,0
CARD-0009,MER-005,49.94,2023-01-02 19:52:11,0
CARD-0025,MER-030,39.80,2023-01-02 12:44:08,0
CARD-0024,MER-004,33.20,2023-01-02 16:17:14,0
CARD-0025,MER-024,15.00,2023-01-02 19:50:59,0
CARD-0007,MER-011,45.85,2023-01-02 08:33:42,0
CARD-0028,MER-016,39.00,2023-01-02 17:49:28,0
CARD-0015,MER-009,39.95,2023-01-01 14:07:00,0
CARD-0007,MER-024,288.00,2023-01-02 15:49:51,0
CARD-0005,MER-001,8.93,2023-01-02 13:43:14,0
CARD-0019,MER-014,112.65,2023-01-02 16:58:10,0
CARD-0012,MER-024,60.00,2023-01-02 17:06:05,0
CARD-0002,MER-007,10.00,2023-01-02 11:06:31,0
CARD-0009,MER-012,43.33,2023-01-01 22:58:52,0
CARD-0004,MER-029,189.64,2023-01-02 12:21:18,0
CARD-0018,MER-009,8.43,2023-01-01 22:45:53,0
CARD-0032,MER-015,47.00,2023-01-02 16:40:47,0
CARD-0003,MER-010,5.37,2023-01-02 12:07:10,0
CARD-0005,MER-014,5.77,2023-01-02 00:00:17,0
CARD-0009,MER-004,99.00,2023-01-02 09:29:46,0
CARD-0014,MER-018,9.99,2023-01-01 19:58:59,0
CARD-0005,MER-006,60.00,2023-01-01 21:02:18,0
CARD-0021,MER-013,99.10,2023-01-02 13:12:20,0
CARD-0020,MER-003,9.03,2023-01-01 21:45:53,0
CARD-0013,MER-008,115.97,2023-01-02 12:26:48,0
CARD-0018,MER-018,29.20,2023-01-02 11:39:01,0
CARD-0008,MER-015,1.29,2023-01-01 13:16:22,0
CARD-0009,MER-002,19.90,2023-01-01 11:09:04,0
CARD-0002,MER-007,297.00,2023-01-01 13:08:34,0
CARD-0023,MER-015,62.95,2023-01-02 19:09:25,0
CARD-0022,MER-003,29.69,2023-01-02 08:10:58,0
CARD-0002,MER-020,0.98,2023-01-02 19:20:22,0
CARD-0002,MER-016,69.99,2023-01-01 18:04:14,0
CARD-0026,MER-028,1.00,2023-01-02 16:27:58,0
CARD-0016,MER-003,10.00,2023-01-01 01:02:38,0
CARD-0010,MER-015,120.38,2023-01-01 01:02:38,0
CARD-0019,MER-003,1.29,2023-01-01 15:06:42,0
CARD-0016,MER-004,12.32,2023-01-01 10:00:02,0
CARD-0015,MER-010,89.96,2023-01-02 15:07:58,0
CARD-0024,MER-025,123.92,2023-01-01 09:10:45,0
CARD-0019,MER-017,158.00,2023-01-01 12:33:38,0
CARD-0010,MER-023,244.29,2023-01-02 07:01:06,0
CARD-0019,MER-033,6.16,2023-01-02 15:07:13,0
CARD-0015,MER-015,8.68,2023-01-01 05:21:08,0
CARD-0024,MER-015,2.05,2023-01-01 06:15:09,0
CARD-0010,MER-015,132.00,2023-01-01 09:26:28,0
CARD-0004,MER-023,115.00,2023-01-01 08:13:42,0
CARD-0002,MER-008,28.75,2023-01-02 12:48:31,0
CARD-0023,MER-002,671.12,2023-01-01 13:29:50,0
CARD-0022,MER-017,4.75,2023-01-02 20:14:20,0
CARD-0025,MER-024,67.48,2023-01-02 11:55:37,0
CARD-0021,MER-001,26.00,2023-01-02 08:34:35,0
CARD-0004,MER-014,20.98,2023-01-02 17:03:31,0
CARD-0013,MER-002,33.00,2023-01-01 03:42:13,0
CARD-0035,MER-024,261.75,2023-01-02 16:13:47,0
CARD-0007,MER-004,1.00,2023-01-01 11:29:39,0
CARD-0012,MER-024,0.89,2023-01-01 16:29:12,0
CARD-0022,MER-021,69.00,2023-01-02 18:36:47,0
CARD-0006,MER-016,1.79,2023-01-02 14:26:14,0
CARD-0013,MER-004,1.00,2023-01-01 21:39:06,0
CARD-0002,MER-012,18.34,2023-01-01 12:53:30,0
CARD-0019,MER-008,81.99,2023-01-01 22:07:14,0
CARD-0021,MER-031,0.89,2023-01-02 20:56:42,0
CARD-0004,MER-013,338.00,2023-01-01 19:59:18,0
CARD-0038,MER-024,1.00,2023-01-01 16:45:04,0
CARD-0025,MER-011,73.91,2023-01-02 19:53:52,0
CARD-0029,MER-046,50.52,2023-01-02 15:55:25,0
CARD-0014,MER-006,1.00,2023-01-02 07:35:16,0
CARD-0027,MER-015,15.16,2023-01-02 10:20:16,0
CARD-0027,MER-015,1.00,2023-01-02 07:13:22,0
CARD-0011,MER-015,40.00,2023-01-01 21:45:29,0
CARD-0016,MER-013,10.00,2023-01-02 20:15:12,0
CARD-0027,MER-015,3.12,2023-01-02 12:11:56,0
CARD-0003,MER-007,319.09,2023-01-01 18:44:34,0
CARD-0009,MER-011,120.84,2023-01-01 22:53:45,0
CARD-0024,MER-002,7.90,2023-01-02 15:06:32,0
CARD-0003,MER-016,3.59,2023-01-01 17:48:19,0
CARD-0009,MER-004,9.81,2023-01-02 16:29:33,0
CARD-0018,MER-006,1.79,2023-01-01 12:53:51,0
CARD-0007,MER-017,1.50,2023-01-02 09:17:34,0
CARD-0025,MER-006,0.78,2023-01-02 21:00:33,0
CARD-0152,MER-016,9.51,2023-01-02 22:59:16,0
CARD-0004,MER-039,15.21,2023-01-01 15:19:27,0
CARD-0005,MER-004,26.00,2023-01-01 15:40:56,0
CARD-0037,MER-018,1074.80,2023-01-01 22:21:32,0
CARD-0012,MER-018,65.00,2023-01-01 09:12:42,0
CARD-0008,MER-004,22.72,2023-01-02 15:07:28,0
CARD-0005,MER-002,13.00,2023-01-02 12:44:24,0
CARD-0005,MER-004,79.65,2023-01-02 21:05:36,0
CARD-0046,MER-003,297.10,2023-01-02 10:11:57,0
CARD-0022,MER-002,1.00,2023-01-01 18:36:16,0
CARD-0058,MER-039,261.06,2023-01-02 19:50:23,0
CARD-0002,MER-029,5.93,2023-01-02 14:47:40,0
CARD-0026,MER-023,18.96,2023-01-02 06:05:18,0
CARD-0012,MER-016,30.75,2023-01-01 21:50:32,0
CARD-0002,MER-046,269.28,2023-01-02 19:05:41,0
CARD-0005,MER-006,15.00,2023-01-01 18:13:33,0
CARD-0008,MER-003,109.00,2023-01-01 11:15:16,0
CARD-0012,MER-003,63.84,2023-01-01 12:47:31,0
CARD-0023,MER-006,9.99,2023-01-02 20:25:39,0
CARD-0019,MER-023,229.00,2023-01-01 09:56:50,0
CARD-0021,MER-032,169.00,2023-01-02 17:04:40,0
CARD-0003,MER-005,17.99,2023-01-02 00:31:56,0
CARD-0001,MER-030,13.99,2023-01-02 02:57:58,0
CARD-0003,MER-007,0.00,2023-01-02 03:18:40,0
CARD-0003,MER-002,5.37,2023-01-02 17:52:59,0
CARD-0007,MER-011,7.69,2023-01-02 09:29:02,0
CARD-0022,MER-010,71.90,2023-01-02 12:41:31,0
CARD-0009,MER-001,5.49,2023-01-01 12:04:29,0
CARD-0020,MER-008,75.99,2023-01-02 13:32:23,0
CARD-0019,MER-024,116.23,2023-01-02 21:20:20,0
CARD-0012,MER-005,1.00,2023-01-02 14:14:53,0
CARD-0017,MER-008,23.50,2023-01-01 16:22:16,0
CARD-0031,MER-002,41.94,2023-01-02 14:40:44,0
CARD-0016,MER-015,0.99,2023-01-01 22:15:12,0
CARD-0013,MER-007,76.00,2023-01-01 18:56:24,0
CARD-0015,MER-014,20.00,2023-01-01 15:47:26,0
CARD-0001,MER-018,2.67,2023-01-01 19:54:35,0
CARD-0002,MER-022,9.99,2023-01-02 16:52:17,0
CARD-0008,MER-008,3.66,2023-01-02 19:44:39,0
CARD-0003,MER-017,3.80,2023-01-02 11:03:43,0
CARD-0028,MER-019,3.17,2023-01-02 23:07:09,0
CARD-0005,MER-010,31.29,2023-01-01 20:43:51,0
CARD-0143,MER-007,2.37,2023-01-01 23:18:41,0
CARD-0012,MER-015,78.80,2023-01-01 21:25:08,0
CARD-0003,MER-021,12.27,2023-01-01 15:17:22,0
CARD-0016,MER-021,121.54,2023-01-02 09:06:18,0
CARD-0014,MER-004,99.99,2023-01-02 16:52:26,0
CARD-0003,MER-007,15.41,2023-01-02 23:56:56,0
CARD-0019,MER-010,79.99,2023-01-02 22:40:11,0
CARD-0006,MER-020,1.65,2023-01-01 10:48:21,0
CARD-0013,MER-018,54.37,2023-01-01 02:17:26,0
CARD-0001,MER-010,1.98,2023-01-01 21:48:54,0
CARD-0012,MER-007,79.95,2023-01-01 16:00:53,0
CARD-0021,MER-007,281.03,2023-01-02 19:09:49,0
CARD-0015,MER-033,158.00,2023-01-02 07:53:39,0
CARD-0005,MER-014,1.00,2023-01-01 09:57:52,0
CARD-0025,MER-018,14.99,2023-01-02 09:52:13,0
CARD-0022,MER-017,86.00,2023-01-01 19:22:32,0
CARD-0005,MER-015,140.11,2023-01-01 20:34:19,0
CARD-0018,MER-046,87.15,2023-01-02 22:20:47,0
CARD-0002,MER-026,12.13,2023-01-01 10:46:38,0
CARD-0005,MER-018,10.00,2023-01-01 11:05:47,0
CARD-0013,MER-004,202.00,2023-01-02 14:36:55,0
CARD-0011,MER-009,54.40,2023-01-02 17:37:47,0
CARD-0017,MER-001,12.57,2023-01-01 22:21:19,0
CARD-0017,MER-009,1.98,2023-01-02 11:07:53,0
CARD-0020,MER-023,15.00,2023-01-02 14:09:18,0
CARD-0021,MER-028,0.76,2023-01-02 15:11:35,0
CARD-0011,MER-004,21.00,2023-01-02 18:08:53,0
CARD-0015,MER-021,175.50,2023-01-02 23:08:26,0
CARD-0016,MER-006,1.98,2023-01-01 17:07:08,0
CARD-0003,MER-004,9.51,2023-01-02 13:32:38,0
CARD-0016,MER-007,160.00,2023-01-02 20:36:41,0
CARD-0011,MER-004,11.00,2023-01-02 08:44:49,0
CARD-0005,MER-003,29.56,2023-01-02 16:29:36,0
CARD-0003,MER-004,1.98,2023-01-02 20:12:17,0
CARD-0009,MER-029,3.99,2023-01-02 12:36:20,0
CARD-0001,MER-030,18.05,2023-01-01 19:24:51,0
CARD-0012,MER-038,418.97,2023-01-02 18:56:01,0
CARD-0015,MER-018,5.75,2023-01-01 08:34:03,0
CARD-0007,MER-029,7.80,2023-01-01 20:48:59,0
CARD-0027,MER-021,37.93,2023-01-02 10:17:55,0
CARD-0006,MER-007,68.00,2023-01-02 11:52:36,0
CARD-0015,MER-018,52.32,2023-01-02 16:03:17,0
CARD-0026,MER-010,0.99,2023-01-02 14:38:50,0
CARD-0024,MER-007,11.50,2023-01-02 08:56:29,0
CARD-0024,MER-012,53.24,2023-01-02 08:15:32,0
CARD-0010,MER-018,106.30,2023-01-01 07:51:14,0
CARD-0012,MER-016,69.80,2023-01-01 14:03:12,0
CARD-0001,MER-017,5.54,2023-01-01 22:57:19,0
CARD-0001,MER-030,14.90,2023-01-02 16:16:37,0
CARD-0007,MER-010,134.00,2023-01-01 07:32:10,0
CARD-0010,MER-015,4.00,2023-01-02 11:07:33,0
CARD-0015,MER-015,1.98,2023-01-01 14:39:47,0
CARD-0004,MER-011,0.89,2023-01-02 14:45:21,0
CARD-0019,MER-021,175.41,2023-01-02 13:33:10,0
CARD-0012,MER-003,50.00,2023-01-01 08:12:46,0
CARD-0007,MER-011,20.00,2023-01-02 12:56:41,0
CARD-0011,MER-005,100.00,2023-01-02 19:10:46,0
CARD-0065,MER-066,89.99,2023-01-01 05:31:39,0
CARD-0015,MER-010,42.01,2023-01-01 14:01:57,0
CARD-0009,MER-004,9.03,2023-01-01 10:51:12,0
CARD-0018,MER-018,49.40,2023-01-02 18:15:03,0
CARD-0024,MER-002,15.95,2023-01-02 03:04:09,0
CARD-0005,MER-020,22.02,2023-01-02 11:09:54,0
CARD-0023,MER-016,85.00,2023-01-02 16:55:05,0
CARD-0020,MER-003,1.29,2023-01-01 17:14:50,0
CARD-0004,MER-002,39.05,2023-01-02 17:13:28,0
CARD-0002,MER-007,0.89,2023-01-01 19:47:27,0
CARD-0023,MER-005,33.76,2023-01-02 12:42:59,0
CARD-0020,MER-028,50.00,2023-01-02 17:38:09,0
CARD-0009,MER-011,8.00,2023-01-01 17:45:46,0
CARD-0005,MER-007,57.50,2023-01-02 00:22:21,0
CARD-0012,MER-009,25.00,2023-01-01 23:41:50,0
CARD-0028,MER-020,0.76,2023-01-02 16:20:03,0
CARD-0021,MER-001,56.03,2023-01-02 22:13:36,0
CARD-0020,MER-020,212.00,2023-01-02 08:56:28,0
CARD-0018,MER-013,30.24,2023-01-01 05:46:21,0
CARD-0016,MER-008,23.10,2023-01-01 02:56:40,0
CARD-0003,MER-020,380.29,2023-01-02 00:21:49,0
CARD-0029,MER-007,309.29,2023-01-01 10:35:33,0
CARD-0004,MER-001,59.25,2023-01-02 21:56:55,0
CARD-0005,MER-003,257.50,2023-01-01 09:02:55,0
CARD-0009,MER-018,30.90,2023-01-01 20:55:20,0
CARD-0001,MER-018,0.89,2023-01-01 19:48:49,0
CARD-0017,MER-001,4.00,2023-01-01 14:59:25,0
CARD-0003,MER-011,116.95,2023-01-01 17:32:03,0
CARD-0022,MER-022,0.76,2023-01-02 07:00:18,0
CARD-0017,MER-002,28.69,2023-01-01 20:10:20,0
CARD-0034,MER-080,18.99,2023-01-02 19:19:17,0
CARD-0018,MER-025,176.58,2023-01-02 22:56:41,0
CARD-0006,MER-064,58.38,2023-01-02 02:28:48,0
CARD-0007,MER-010,8.91,2023-01-01 01:02:55,0
CARD-0002,MER-003,272.20,2023-01-01 13:10:03,0
CARD-0025,MER-020,29.95,2023-01-02 20:37:06,0
CARD-0028,MER-011,0.99,2023-01-02 14:17:42,0
CARD-0001,MER-024,10.00,2023-01-02 11:13:50,0
CARD-0015,MER-017,45.00,2023-01-01 11:24:58,0
CARD-0003,MER-012,21.49,2023-01-01 16:45:33,0
CARD-0013,MER-002,23.64,2023-01-01 17:53:40,0
CARD-0013,MER-003,253.56,2023-01-01 11:17:57,0
CARD-0006,MER-003,19.60,2023-01-02 09:16:57,0
CARD-0024,MER-004,75.52,2023-01-02 17:27:03,0
CARD-0023,MER-002,15.38,2023-01-02 10:09:06,0
CARD-0005,MER-006,353.12,2023-01-01 12:19:37,0
CARD-0021,MER-010,118.56,2023-01-01 01:03:08,0
CARD-0018,MER-007,4.99,2023-01-01 15:14:43,0
CARD-0015,MER-005,5.00,2023-01-01 05:31:44,0
CARD-0020,MER-007,9.99,2023-01-02 08:00:37,0
CARD-0069,MER-032,78.07,2023-01-02 14:46:26,0
CARD-0011,MER-025,100.00,2023-01-02 23:07:37,0
CARD-0011,MER-009,71.98,2023-01-01 10:54:34,0
CARD-0007,MER-005,117.19,2023-01-01 08:49:02,0
CARD-0021,MER-005,1.00,2023-01-01 17:32:02,0
CARD-0003,MER-017,1.79,2023-01-01 11:24:24,0
CARD-0006,MER-022,54.71,2023-01-01 02:16:18,0
CARD-0013,MER-022,4.34,2023-01-01 12:43:10,0
CARD-0002,MER-022,11.55,2023-01-01 01:03:28,0
CARD-0014,MER-013,25.00,2023-01-02 07:15:45,0
CARD-0025,MER-013,817.50,2023-01-01 17:39:40,0
CARD-0151,MER-051,201.84,2023-01-01 09:57:26,0
CARD-0019,MER-010,361.40,2023-01-01 12:23:35,0
CARD-0014,MER-020,75.50,2023-01-01 09:08:53,0
CARD-0026,MER-015,1.00,2023-01-02 07:26:33,0
CARD-0028,MER-017,1.98,2023-01-02 14:54:48,0